V1	V2	V3	V4	V5	V6	variant_type	n_alt_alleles	AF	AF_male	AF_female	AC	AC_male	AC_female	AN	AN_male	AN_female	AF_afr	AF_afr_male	AF_afr_female	AC_afr	AC_afr_male	AC_afr_female	AN_afr	AN_afr_male	AN_afr_female	AF_amr	AF_amr_male	AF_amr_female	AC_amr	AC_amr_male	AC_amr_female	AN_amr	AN_amr_male	AN_amr_female	AF_fin	AF_fin_male	AF_fin_female	AC_fin	AC_fin_male	AC_fin_female	AN_fin	AN_fin_male	AN_fin_female	AF_asj	AF_asj_male	AF_asj_female	AC_asj	AC_asj_male	AC_asj_female	AN_asj	AN_asj_male	AN_asj_female	AF_nfe	AF_nfe_male	AF_nfe_female	AC_nfe	AC_nfe_male	AC_nfe_female	AN_nfe	AN_nfe_male	AN_nfe_female	AF_eas	AF_eas_male	AF_eas_female	AC_eas	AC_eas_male	AC_eas_female	AN_eas	AN_eas_male	AN_eas_female	AF_sas	AF_sas_male	AF_sas_female	AC_sas	AC_sas_male	AC_sas_female	AN_sas	AN_sas_male	AN_sas_female	AC_raw	AF_raw
chr11	63974631	rs1348197394	C	T	452.93	snv	1	6.06193e-06	0.00000e+00	1.30009e-05	1	0	1	164964	88046	76918	0.00000e+00	0.00000e+00	0.00000e+00	0	0	0	9094	3532	5562	3.90016e-05	0.00000e+00	6.77782e-05	1	0	1	25640	10886	14754	0.00000e+00	0.00000e+00	0.00000e+00	0	0	0	15632	7518	8114	0.00000e+00	0.00000e+00	0.00000e+00	0	0	0	8606	4532	4074	0.00000e+00	0.00000e+00	0.00000e+00	0	0	0	65186	34984	30202	0.00000e+00	0.00000e+00	0.00000e+00	0	0	0	12234	6170	6064	0.00000e+00	0.00000e+00	0.00000e+00	0	0	0	24052	18108	5944	1	3.99179e-06
chr11	63974632	rs1237841940	T	C	142.94	snv	1	6.02330e-06	0.00000e+00	1.29286e-05	1	0	1	166022	88674	77348	0.00000e+00	0.00000e+00	0.00000e+00	0	0	0	9194	3572	5622	3.88561e-05	0.00000e+00	6.75219e-05	1	0	1	25736	10926	14810	0.00000e+00	0.00000e+00	0.00000e+00	0	0	0	15686	7554	8132	0.00000e+00	0.00000e+00	0.00000e+00	0	0	0	8624	4544	4080	0.00000e+00	0.00000e+00	0.00000e+00	0	0	0	65784	35360	30424	0.00000e+00	0.00000e+00	0.00000e+00	0	0	0	12312	6196	6116	0.00000e+00	0.00000e+00	0.00000e+00	0	0	0	24146	18182	5964	2	7.98104e-06
chr11	63974636	rs754259525	C	G	1107.86	snv	1	1.17125e-05	1.09376e-05	1.26056e-05	2	1	1	170758	91428	79330	0.00000e+00	0.00000e+00	0.00000e+00	0	0	0	9630	3704	5926	0.00000e+00	0.00000e+00	0.00000e+00	0	0	0	26204	11100	15104	0.00000e+00	0.00000e+00	0.00000e+00	0	0	0	15896	7688	8208	0.00000e+00	0.00000e+00	0.00000e+00	0	0	0	8700	4594	4106	0.00000e+00	0.00000e+00	0.00000e+00	0	0	0	68450	37068	31382	1.57555e-04	1.56250e-04	1.58881e-04	2	1	1	12694	6400	6294	0.00000e+00	0.00000e+00	0.00000e+00	0	0	0	24554	18486	6068	3	1.19604e-05
chr11	63974637	rs1217475432	T	G	424.13	snv	1	5.82615e-06	1.08757e-05	0.00000e+00	1	1	0	171640	91948	79692	0.00000e+00	0.00000e+00	0.00000e+00	0	0	0	9724	3750	5974	0.00000e+00	0.00000e+00	0.00000e+00	0	0	0	26268	11132	15136	0.00000e+00	0.00000e+00	0.00000e+00	0	0	0	15942	7706	8236	0.00000e+00	0.00000e+00	0.00000e+00	0	0	0	8722	4606	4116	1.44965e-05	2.67394e-05	0.00000e+00	1	1	0	68982	37398	31584	0.00000e+00	0.00000e+00	0.00000e+00	0	0	0	12762	6444	6318	0.00000e+00	0.00000e+00	0.00000e+00	0	0	0	24592	18514	6078	1	3.98600e-06
chr11	63974640	rs1279440760	G	C	138.06	snv	1	5.71592e-06	0.00000e+00	1.23229e-05	1	0	1	174950	93800	81150	9.92457e-05	0.00000e+00	1.60823e-04	1	0	1	10076	3858	6218	0.00000e+00	0.00000e+00	0.00000e+00	0	0	0	26556	11228	15328	0.00000e+00	0.00000e+00	0.00000e+00	0	0	0	16026	7764	8262	0.00000e+00	0.00000e+00	0.00000e+00	0	0	0	8768	4620	4148	0.00000e+00	0.00000e+00	0.00000e+00	0	0	0	70840	38568	32272	0.00000e+00	0.00000e+00	0.00000e+00	0	0	0	13144	6622	6522	0.00000e+00	0.00000e+00	0.00000e+00	0	0	0	24828	18710	6118	1	3.98552e-06
chr11	63974641	rs1342982902	G	A	371.03	snv	1	5.66579e-06	0.00000e+00	1.22121e-05	1	0	1	176498	94612	81886	0.00000e+00	0.00000e+00	0.00000e+00	0	0	0	10222	3892	6330	0.00000e+00	0.00000e+00	0.00000e+00	0	0	0	26746	11300	15446	0.00000e+00	0.00000e+00	0.00000e+00	0	0	0	16118	7822	8296	0.00000e+00	0.00000e+00	0.00000e+00	0	0	0	8784	4628	4156	0.00000e+00	0.00000e+00	0.00000e+00	0	0	0	71702	39074	32628	0.00000e+00	0.00000e+00	0.00000e+00	0	0	0	13254	6674	6580	4.01027e-05	0.00000e+00	1.62285e-04	1	0	1	24936	18774	6162	3	1.19548e-05
chr11	63974645	rs1022817952	C	T	2834.21	multi-snv	2	1.09611e-05	0.00000e+00	2.36502e-05	2	0	2	182464	97898	84566	0.00000e+00	0.00000e+00	0.00000e+00	0	0	0	10770	4100	6670	3.65123e-05	0.00000e+00	6.30279e-05	1	0	1	27388	11522	15866	0.00000e+00	0.00000e+00	0.00000e+00	0	0	0	16404	7994	8410	0.00000e+00	0.00000e+00	0.00000e+00	0	0	0	8894	4684	4210	0.00000e+00	0.00000e+00	0.00000e+00	0	0	0	75038	41118	33920	0.00000e+00	0.00000e+00	0.00000e+00	0	0	0	13792	6904	6888	3.94446e-05	0.00000e+00	1.59490e-04	1	0	1	25352	19082	6270	4	1.59312e-05
chr11	63974648	rs757978708	C	G	605.14	snv	1	5.31400e-06	0.00000e+00	1.15046e-05	1	0	1	188182	101260	86922	0.00000e+00	0.00000e+00	0.00000e+00	0	0	0	11240	4288	6952	3.56710e-05	0.00000e+00	6.15385e-05	1	0	1	28034	11784	16250	0.00000e+00	0.00000e+00	0.00000e+00	0	0	0	16692	8172	8520	0.00000e+00	0.00000e+00	0.00000e+00	0	0	0	8972	4722	4250	0.00000e+00	0.00000e+00	0.00000e+00	0	0	0	78292	43186	35106	0.00000e+00	0.00000e+00	0.00000e+00	0	0	0	14246	7128	7118	0.00000e+00	0.00000e+00	0.00000e+00	0	0	0	25804	19438	6366	3	1.19444e-05
chr11	63974652	rs751020656	C	G	1386.1	multi-snv	2	5.07398e-06	9.39691e-06	0.00000e+00	1	1	0	197084	106418	90666	0.00000e+00	0.00000e+00	0.00000e+00	0	0	0	11894	4552	7342	0.00000e+00	0.00000e+00	0.00000e+00	0	0	0	29016	12198	16818	0.00000e+00	0.00000e+00	0.00000e+00	0	0	0	17168	8516	8652	0.00000e+00	0.00000e+00	0.00000e+00	0	0	0	9084	4768	4316	1.19766e-05	2.15443e-05	0.00000e+00	1	1	0	83496	46416	37080	0.00000e+00	0.00000e+00	0.00000e+00	0	0	0	14942	7406	7536	0.00000e+00	0.00000e+00	0.00000e+00	0	0	0	26446	19924	6522	1	3.97985e-06
chr11	63974652	rs751020656	C	T	1386.1	multi-snv	2	1.01480e-05	1.87938e-05	0.00000e+00	2	2	0	197084	106418	90666	8.40760e-05	2.19684e-04	0.00000e+00	1	1	0	11894	4552	7342	3.44637e-05	8.19807e-05	0.00000e+00	1	1	0	29016	12198	16818	0.00000e+00	0.00000e+00	0.00000e+00	0	0	0	17168	8516	8652	0.00000e+00	0.00000e+00	0.00000e+00	0	0	0	9084	4768	4316	0.00000e+00	0.00000e+00	0.00000e+00	0	0	0	83496	46416	37080	0.00000e+00	0.00000e+00	0.00000e+00	0	0	0	14942	7406	7536	0.00000e+00	0.00000e+00	0.00000e+00	0	0	0	26446	19924	6522	6	2.38791e-05
chr11	63974653	rs756789173	C	G	2880.02	multi-snv	2	5.02482e-06	0.00000e+00	1.09287e-05	1	0	1	199012	107510	91502	0.00000e+00	0.00000e+00	0.00000e+00	0	0	0	12006	4592	7414	0.00000e+00	0.00000e+00	0.00000e+00	0	0	0	29306	12308	16998	0.00000e+00	0.00000e+00	0.00000e+00	0	0	0	17266	8578	8688	0.00000e+00	0.00000e+00	0.00000e+00	0	0	0	9116	4786	4330	1.18156e-05	0.00000e+00	2.66596e-05	1	0	1	84634	47124	37510	0.00000e+00	0.00000e+00	0.00000e+00	0	0	0	15038	7444	7594	0.00000e+00	0.00000e+00	0.00000e+00	0	0	0	26570	20018	6552	1	3.97950e-06
chr11	63974653	rs756789173	C	T	2880.02	multi-snv	2	1.00496e-05	1.86029e-05	0.00000e+00	2	2	0	199012	107510	91502	8.32917e-05	2.17770e-04	0.00000e+00	1	1	0	12006	4592	7414	0.00000e+00	0.00000e+00	0.00000e+00	0	0	0	29306	12308	16998	0.00000e+00	0.00000e+00	0.00000e+00	0	0	0	17266	8578	8688	0.00000e+00	0.00000e+00	0.00000e+00	0	0	0	9116	4786	4330	1.18156e-05	2.12206e-05	0.00000e+00	1	1	0	84634	47124	37510	0.00000e+00	0.00000e+00	0.00000e+00	0	0	0	15038	7444	7594	0.00000e+00	0.00000e+00	0.00000e+00	0	0	0	26570	20018	6552	7	2.78565e-05
chr11	63974654	rs745767608	G	A	1985.83	mixed	3	9.96284e-06	9.21914e-06	1.08371e-05	2	1	1	200746	108470	92276	0.00000e+00	0.00000e+00	0.00000e+00	0	0	0	12136	4636	7500	0.00000e+00	0.00000e+00	0.00000e+00	0	0	0	29532	12392	17140	0.00000e+00	0.00000e+00	0.00000e+00	0	0	0	17348	8640	8708	0.00000e+00	0.00000e+00	0.00000e+00	0	0	0	9144	4792	4352	2.33623e-05	2.09600e-05	2.63866e-05	2	1	1	85608	47710	37898	0.00000e+00	0.00000e+00	0.00000e+00	0	0	0	15204	7522	7682	0.00000e+00	0.00000e+00	0.00000e+00	0	0	0	26674	20102	6572	6	2.38774e-05
chr11	63974654	rs745767608	G	T	1985.83	mixed	3	4.98142e-06	9.21914e-06	0.00000e+00	1	1	0	200746	108470	92276	0.00000e+00	0.00000e+00	0.00000e+00	0	0	0	12136	4636	7500	0.00000e+00	0.00000e+00	0.00000e+00	0	0	0	29532	12392	17140	0.00000e+00	0.00000e+00	0.00000e+00	0	0	0	17348	8640	8708	0.00000e+00	0.00000e+00	0.00000e+00	0	0	0	9144	4792	4352	0.00000e+00	0.00000e+00	0.00000e+00	0	0	0	85608	47710	37898	0.00000e+00	0.00000e+00	0.00000e+00	0	0	0	15204	7522	7682	3.74897e-05	4.97463e-05	0.00000e+00	1	1	0	26674	20102	6572	5	1.98978e-05
chr11	63974656	rs769823264	T	C	552.77	snv	1	9.75857e-06	1.80620e-05	0.00000e+00	2	2	0	204948	110730	94218	8.01667e-05	2.09205e-04	0.00000e+00	1	1	0	12474	4780	7694	0.00000e+00	0.00000e+00	0.00000e+00	0	0	0	30000	12568	17432	0.00000e+00	0.00000e+00	0.00000e+00	0	0	0	17634	8818	8816	0.00000e+00	0.00000e+00	0.00000e+00	0	0	0	9202	4824	4378	0.00000e+00	0.00000e+00	0.00000e+00	0	0	0	87936	49056	38880	6.43501e-05	1.30514e-04	0.00000e+00	1	1	0	15540	7662	7878	0.00000e+00	0.00000e+00	0.00000e+00	0	0	0	26992	20306	6686	3	1.19368e-05
chr11	63974659	rs1391261970	T	C	2562.61	snv	1	9.58304e-06	8.86101e-06	1.04332e-05	2	1	1	208702	112854	95848	0.00000e+00	0.00000e+00	0.00000e+00	0	0	0	12742	4892	7850	6.58892e-05	7.88892e-05	5.65675e-05	2	1	1	30354	12676	17678	0.00000e+00	0.00000e+00	0.00000e+00	0	0	0	17888	8974	8914	0.00000e+00	0.00000e+00	0.00000e+00	0	0	0	9252	4844	4408	0.00000e+00	0.00000e+00	0.00000e+00	0	0	0	90128	50390	39738	0.00000e+00	0.00000e+00	0.00000e+00	0	0	0	15848	7824	8024	0.00000e+00	0.00000e+00	0.00000e+00	0	0	0	27260	20510	6750	2	7.95748e-06
chr11	63974661	rs779713502	G	T	1260.22	snv	1	1.42546e-05	2.63556e-05	0.00000e+00	3	3	0	210458	113828	96630	7.76036e-05	2.01694e-04	0.00000e+00	1	1	0	12886	4958	7928	0.00000e+00	0.00000e+00	0.00000e+00	0	0	0	30524	12756	17768	0.00000e+00	0.00000e+00	0.00000e+00	0	0	0	17976	9036	8940	0.00000e+00	0.00000e+00	0.00000e+00	0	0	0	9272	4836	4436	2.19284e-05	3.92249e-05	0.00000e+00	2	2	0	91206	50988	40218	0.00000e+00	0.00000e+00	0.00000e+00	0	0	0	15966	7892	8074	0.00000e+00	0.00000e+00	0.00000e+00	0	0	0	27376	20608	6768	6	2.38720e-05
chr11	63974664	rs1169983167	G	T	1398.38	multi-snv	2	4.68077e-06	8.64454e-06	0.00000e+00	1	1	0	213640	115680	97960	0.00000e+00	0.00000e+00	0.00000e+00	0	0	0	13104	5028	8076	0.00000e+00	0.00000e+00	0.00000e+00	0	0	0	30932	12930	18002	0.00000e+00	0.00000e+00	0.00000e+00	0	0	0	18094	9114	8980	0.00000e+00	0.00000e+00	0.00000e+00	0	0	0	9338	4878	4460	1.07469e-05	1.91688e-05	0.00000e+00	1	1	0	93050	52168	40882	0.00000e+00	0.00000e+00	0.00000e+00	0	0	0	16250	8034	8216	0.00000e+00	0.00000e+00	0.00000e+00	0	0	0	27542	20712	6830	7	2.78496e-05
chr11	63974670	rs1368136830	T	A	904.55	snv	1	4.48942e-06	8.28349e-06	0.00000e+00	1	1	0	222746	120722	102024	0.00000e+00	0.00000e+00	0.00000e+00	0	0	0	13778	5256	8522	3.12441e-05	7.48391e-05	0.00000e+00	1	1	0	32006	13362	18644	0.00000e+00	0.00000e+00	0.00000e+00	0	0	0	18674	9488	9186	0.00000e+00	0.00000e+00	0.00000e+00	0	0	0	9496	4940	4556	0.00000e+00	0.00000e+00	0.00000e+00	0	0	0	98254	55276	42978	0.00000e+00	0.00000e+00	0.00000e+00	0	0	0	16906	8358	8548	0.00000e+00	0.00000e+00	0.00000e+00	0	0	0	28114	21138	6976	2	7.95602e-06
chr11	63974672	rs773908478	C	A	1429.94	multi-snv	2	8.88541e-06	8.19753e-06	9.69932e-06	2	1	1	225088	121988	103100	0.00000e+00	0.00000e+00	0.00000e+00	0	0	0	13948	5348	8600	0.00000e+00	0.00000e+00	0.00000e+00	0	0	0	32272	13466	18806	0.00000e+00	0.00000e+00	0.00000e+00	0	0	0	18818	9590	9228	0.00000e+00	0.00000e+00	0.00000e+00	0	0	0	9520	4956	4564	2.00638e-05	1.78393e-05	2.29221e-05	2	1	1	99682	56056	43626	0.00000e+00	0.00000e+00	0.00000e+00	0	0	0	17012	8396	8616	0.00000e+00	0.00000e+00	0.00000e+00	0	0	0	28282	21254	7028	12	4.77338e-05
chr11	63974678	rs749102794	A	G	490.1	snv	1	1.29367e-05	7.94559e-06	1.88605e-05	3	1	2	231898	125856	106042	0.00000e+00	0.00000e+00	0.00000e+00	0	0	0	14474	5546	8928	0.00000e+00	0.00000e+00	0.00000e+00	0	0	0	32954	13722	19232	0.00000e+00	0.00000e+00	0.00000e+00	0	0	0	19328	9922	9406	0.00000e+00	0.00000e+00	0.00000e+00	0	0	0	9642	5020	4622	9.65437e-06	1.71327e-05	0.00000e+00	1	1	0	103580	58368	45212	1.14784e-04	0.00000e+00	2.26809e-04	2	0	2	17424	8606	8818	0.00000e+00	0.00000e+00	0.00000e+00	0	0	0	28816	21680	7136	3	1.19321e-05
chr11	63974685	rs148986341	C	T	551.49	snv	1	4.25862e-06	0.00000e+00	9.31133e-06	1	0	1	234818	127422	107396	0.00000e+00	0.00000e+00	0.00000e+00	0	0	0	14698	5638	9060	0.00000e+00	0.00000e+00	0.00000e+00	0	0	0	33254	13848	19406	0.00000e+00	0.00000e+00	0.00000e+00	0	0	0	19584	10080	9504	0.00000e+00	0.00000e+00	0.00000e+00	0	0	0	9672	5034	4638	9.50860e-06	0.00000e+00	2.17780e-05	1	0	1	105168	59250	45918	0.00000e+00	0.00000e+00	0.00000e+00	0	0	0	17670	8742	8928	0.00000e+00	0.00000e+00	0.00000e+00	0	0	0	29018	21794	7224	2	7.95431e-06
chr11	63974686	rs774738979	C	T	1897.17	snv	1	8.51310e-06	7.84289e-06	9.30856e-06	2	1	1	234932	127504	107428	0.00000e+00	0.00000e+00	0.00000e+00	0	0	0	14706	5644	9062	0.00000e+00	0.00000e+00	0.00000e+00	0	0	0	33284	13850	19434	0.00000e+00	0.00000e+00	0.00000e+00	0	0	0	19582	10100	9482	0.00000e+00	0.00000e+00	0.00000e+00	0	0	0	9672	5028	4644	9.50444e-06	0.00000e+00	2.17704e-05	1	0	1	105214	59280	45934	5.65931e-05	1.14443e-04	0.00000e+00	1	1	0	17670	8738	8932	0.00000e+00	0.00000e+00	0.00000e+00	0	0	0	29040	21824	7216	5	1.98853e-05
chr11	63974694	rs761946856	C	T	289.39	snv	1	8.41071e-06	7.74449e-06	9.20234e-06	2	1	1	237792	129124	108668	1.34391e-04	1.74216e-04	1.09385e-04	2	1	1	14882	5740	9142	0.00000e+00	0.00000e+00	0.00000e+00	0	0	0	33544	13956	19588	0.00000e+00	0.00000e+00	0.00000e+00	0	0	0	19834	10254	9580	0.00000e+00	0.00000e+00	0.00000e+00	0	0	0	9728	5066	4662	0.00000e+00	0.00000e+00	0.00000e+00	0	0	0	106926	60266	46660	0.00000e+00	0.00000e+00	0.00000e+00	0	0	0	17814	8802	9012	0.00000e+00	0.00000e+00	0.00000e+00	0	0	0	29250	21984	7266	6	2.38616e-05
chr11	63974699	rs772015686	C	T	370.05	multi-snv	2	4.17422e-06	0.00000e+00	9.13609e-06	1	0	1	239566	130110	109456	6.67200e-05	0.00000e+00	1.08413e-04	1	0	1	14988	5764	9224	0.00000e+00	0.00000e+00	0.00000e+00	0	0	0	33706	13994	19712	0.00000e+00	0.00000e+00	0.00000e+00	0	0	0	19998	10372	9626	0.00000e+00	0.00000e+00	0.00000e+00	0	0	0	9768	5080	4688	0.00000e+00	0.00000e+00	0.00000e+00	0	0	0	107886	60842	47044	0.00000e+00	0.00000e+00	0.00000e+00	0	0	0	17938	8868	9070	0.00000e+00	0.00000e+00	0.00000e+00	0	0	0	29436	22122	7314	3	1.19313e-05
chr11	63974702	rs7130187	C	G	1480129.53	multi-snv	2	4.16670e-06	0.00000e+00	9.11926e-06	1	0	1	239998	130340	109658	0.00000e+00	0.00000e+00	0.00000e+00	0	0	0	15006	5774	9232	2.96261e-05	0.00000e+00	5.06637e-05	1	0	1	33754	14016	19738	0.00000e+00	0.00000e+00	0.00000e+00	0	0	0	20050	10394	9656	0.00000e+00	0.00000e+00	0.00000e+00	0	0	0	9774	5074	4700	0.00000e+00	0.00000e+00	0.00000e+00	0	0	0	108124	60972	47152	0.00000e+00	0.00000e+00	0.00000e+00	0	0	0	17926	8862	9064	0.00000e+00	0.00000e+00	0.00000e+00	0	0	0	29528	22188	7340	1	3.97709e-06
chr11	63974702	rs7130187	C	T	1480129.53	multi-snv	2	1.12918e-02	9.28341e-03	1.36789e-02	2710	1210	1500	239998	130340	109658	8.72984e-02	8.91929e-02	8.61135e-02	1310	515	795	15006	5774	9232	6.19186e-03	6.13584e-03	6.23163e-03	209	86	123	33754	14016	19738	0.00000e+00	0.00000e+00	0.00000e+00	0	0	0	20050	10394	9656	3.78555e-03	3.15333e-03	4.46809e-03	37	16	21	9774	5074	4700	4.43935e-04	4.10024e-04	4.87784e-04	48	25	23	108124	60972	47152	5.36093e-02	5.45024e-02	5.27361e-02	961	483	478	17926	8862	9064	3.96234e-03	3.24500e-03	6.13079e-03	117	72	45	29528	22188	7340	2845	1.13148e-02
chr11	63974703	rs1292209992	T	G	537.45	snv	1	4.15755e-06	0.00000e+00	9.09984e-06	1	0	1	240526	130634	109892	0.00000e+00	0.00000e+00	0.00000e+00	0	0	0	15056	5800	9256	2.95596e-05	0.00000e+00	5.05561e-05	1	0	1	33830	14050	19780	0.00000e+00	0.00000e+00	0.00000e+00	0	0	0	20068	10406	9662	0.00000e+00	0.00000e+00	0.00000e+00	0	0	0	9778	5076	4702	0.00000e+00	0.00000e+00	0.00000e+00	0	0	0	108354	61100	47254	0.00000e+00	0.00000e+00	0.00000e+00	0	0	0	18012	8904	9108	0.00000e+00	0.00000e+00	0.00000e+00	0	0	0	29584	22232	7352	1	3.97700e-06
chr11	63974706	rs1450249002	T	A	729.53	snv	1	8.30592e-06	7.64246e-06	9.09554e-06	2	1	1	240792	130848	109944	0.00000e+00	0.00000e+00	0.00000e+00	0	0	0	15076	5824	9252	0.00000e+00	0.00000e+00	0.00000e+00	0	0	0	33842	14048	19794	0.00000e+00	0.00000e+00	0.00000e+00	0	0	0	20110	10450	9660	0.00000e+00	0.00000e+00	0.00000e+00	0	0	0	9784	5082	4702	1.84403e-05	1.63468e-05	2.11488e-05	2	1	1	108458	61174	47284	0.00000e+00	0.00000e+00	0.00000e+00	0	0	0	18042	8914	9128	0.00000e+00	0.00000e+00	0.00000e+00	0	0	0	29624	22274	7350	2	7.95431e-06
chr11	63974709	rs973216580	G	C	2916.26	snv	1	4.14886e-06	7.63312e-06	0.00000e+00	1	1	0	241030	131008	110022	0.00000e+00	0.00000e+00	0.00000e+00	0	0	0	15102	5820	9282	0.00000e+00	0.00000e+00	0.00000e+00	0	0	0	33864	14056	19808	0.00000e+00	0.00000e+00	0.00000e+00	0	0	0	20138	10462	9676	0.00000e+00	0.00000e+00	0.00000e+00	0	0	0	9782	5080	4702	9.21031e-06	1.63217e-05	0.00000e+00	1	1	0	108574	61268	47306	0.00000e+00	0.00000e+00	0.00000e+00	0	0	0	18026	8908	9118	0.00000e+00	0.00000e+00	0.00000e+00	0	0	0	29690	22330	7360	3	1.19315e-05
chr11	63974713	rs766913092	C	T	87.48	snv	1	4.15110e-06	7.63126e-06	0.00000e+00	1	1	0	240900	131040	109860	0.00000e+00	0.00000e+00	0.00000e+00	0	0	0	15098	5832	9266	0.00000e+00	0.00000e+00	0.00000e+00	0	0	0	33866	14054	19812	0.00000e+00	0.00000e+00	0.00000e+00	0	0	0	20088	10444	9644	0.00000e+00	0.00000e+00	0.00000e+00	0	0	0	9772	5078	4694	9.21506e-06	1.63185e-05	0.00000e+00	1	1	0	108518	61280	47238	0.00000e+00	0.00000e+00	0.00000e+00	0	0	0	18012	8912	9100	0.00000e+00	0.00000e+00	0.00000e+00	0	0	0	29702	22360	7342	2	7.95608e-06
chr11	63974717	rs754143036	A	G	967.42	snv	1	8.32425e-06	7.64444e-06	9.13676e-06	2	1	1	240262	130814	109448	0.00000e+00	0.00000e+00	0.00000e+00	0	0	0	15002	5822	9180	0.00000e+00	0.00000e+00	0.00000e+00	0	0	0	33828	14048	19780	1.00000e-04	9.59877e-05	1.04362e-04	2	1	1	20000	10418	9582	0.00000e+00	0.00000e+00	0.00000e+00	0	0	0	9792	5086	4706	0.00000e+00	0.00000e+00	0.00000e+00	0	0	0	108102	61080	47022	0.00000e+00	0.00000e+00	0.00000e+00	0	0	0	17960	8888	9072	0.00000e+00	0.00000e+00	0.00000e+00	0	0	0	29732	22388	7344	6	2.38717e-05
chr11	63974724	rs1460987476	C	T	194.61	snv	1	4.24517e-06	0.00000e+00	9.35174e-06	1	0	1	235562	128630	106932	6.99007e-05	0.00000e+00	1.15741e-04	1	0	1	14306	5666	8640	0.00000e+00	0.00000e+00	0.00000e+00	0	0	0	33396	13890	19506	0.00000e+00	0.00000e+00	0.00000e+00	0	0	0	19612	10162	9450	0.00000e+00	0.00000e+00	0.00000e+00	0	0	0	9732	5072	4660	0.00000e+00	0.00000e+00	0.00000e+00	0	0	0	105612	59868	45744	0.00000e+00	0.00000e+00	0.00000e+00	0	0	0	17680	8736	8944	0.00000e+00	0.00000e+00	0.00000e+00	0	0	0	29470	22192	7278	3	1.19434e-05
chr11	63974725	rs1163498164	G	A	409.13	snv	1	4.24124e-06	0.00000e+00	9.34300e-06	1	0	1	235780	128748	107032	6.96961e-05	0.00000e+00	1.15101e-04	1	0	1	14348	5660	8688	0.00000e+00	0.00000e+00	0.00000e+00	0	0	0	33420	13896	19524	0.00000e+00	0.00000e+00	0.00000e+00	0	0	0	19586	10152	9434	0.00000e+00	0.00000e+00	0.00000e+00	0	0	0	9732	5062	4670	0.00000e+00	0.00000e+00	0.00000e+00	0	0	0	105722	59958	45764	0.00000e+00	0.00000e+00	0.00000e+00	0	0	0	17704	8746	8958	0.00000e+00	0.00000e+00	0.00000e+00	0	0	0	29498	22212	7286	1	3.98035e-06
chr11	63974729	rs759915558	C	G	917.08	multi-snv	2	8.54818e-06	1.56529e-05	0.00000e+00	2	2	0	233968	127772	106196	0.00000e+00	0.00000e+00	0.00000e+00	0	0	0	14162	5554	8608	0.00000e+00	0.00000e+00	0.00000e+00	0	0	0	33126	13794	19332	0.00000e+00	0.00000e+00	0.00000e+00	0	0	0	19446	10032	9414	0.00000e+00	0.00000e+00	0.00000e+00	0	0	0	9712	5064	4648	1.90705e-05	3.36202e-05	0.00000e+00	2	2	0	104874	59488	45386	0.00000e+00	0.00000e+00	0.00000e+00	0	0	0	17588	8716	8872	0.00000e+00	0.00000e+00	0.00000e+00	0	0	0	29326	22090	7236	2	7.95950e-06
chr11	63974729	rs759915558	C	T	917.08	multi-snv	2	4.27409e-06	7.82644e-06	0.00000e+00	1	1	0	233968	127772	106196	0.00000e+00	0.00000e+00	0.00000e+00	0	0	0	14162	5554	8608	0.00000e+00	0.00000e+00	0.00000e+00	0	0	0	33126	13794	19332	0.00000e+00	0.00000e+00	0.00000e+00	0	0	0	19446	10032	9414	0.00000e+00	0.00000e+00	0.00000e+00	0	0	0	9712	5064	4648	9.53525e-06	1.68101e-05	0.00000e+00	1	1	0	104874	59488	45386	0.00000e+00	0.00000e+00	0.00000e+00	0	0	0	17588	8716	8872	0.00000e+00	0.00000e+00	0.00000e+00	0	0	0	29326	22090	7236	3	1.19393e-05
chr11	63974733	rs11550241	G	T	437.63	snv	1	4.28636e-06	7.85262e-06	0.00000e+00	1	1	0	233298	127346	105952	0.00000e+00	0.00000e+00	0.00000e+00	0	0	0	14152	5526	8626	0.00000e+00	0.00000e+00	0.00000e+00	0	0	0	33048	13752	19296	0.00000e+00	0.00000e+00	0.00000e+00	0	0	0	19354	9980	9374	0.00000e+00	0.00000e+00	0.00000e+00	0	0	0	9688	5042	4646	0.00000e+00	0.00000e+00	0.00000e+00	0	0	0	104504	59262	45242	0.00000e+00	0.00000e+00	0.00000e+00	0	0	0	17536	8698	8838	3.41483e-05	4.53474e-05	0.00000e+00	1	1	0	29284	22052	7232	2	7.95950e-06
chr11	63974734	rs920048436	G	C	426.65	snv	1	4.28394e-06	0.00000e+00	9.43913e-06	1	0	1	233430	127488	105942	0.00000e+00	0.00000e+00	0.00000e+00	0	0	0	14180	5536	8644	0.00000e+00	0.00000e+00	0.00000e+00	0	0	0	33020	13748	19272	0.00000e+00	0.00000e+00	0.00000e+00	0	0	0	19404	10010	9394	0.00000e+00	0.00000e+00	0.00000e+00	0	0	0	9692	5046	4646	9.56206e-06	0.00000e+00	2.21082e-05	1	0	1	104580	59348	45232	0.00000e+00	0.00000e+00	0.00000e+00	0	0	0	17524	8708	8816	0.00000e+00	0.00000e+00	0.00000e+00	0	0	0	29304	22068	7236	1	3.97985e-06
chr11	63974736	rs1437255886	T	C	388.47	snv	1	4.28552e-06	0.00000e+00	9.43877e-06	1	0	1	233344	127398	105946	0.00000e+00	0.00000e+00	0.00000e+00	0	0	0	14162	5528	8634	3.02425e-05	0.00000e+00	5.18081e-05	1	0	1	33066	13764	19302	0.00000e+00	0.00000e+00	0.00000e+00	0	0	0	19348	9966	9382	0.00000e+00	0.00000e+00	0.00000e+00	0	0	0	9684	5052	4632	0.00000e+00	0.00000e+00	0.00000e+00	0	0	0	104504	59262	45242	0.00000e+00	0.00000e+00	0.00000e+00	0	0	0	17580	8744	8836	0.00000e+00	0.00000e+00	0.00000e+00	0	0	0	29254	22040	7214	3	1.19396e-05
chr11	63974747	rs144339685	C	A	106509.75	multi-snv	2	4.26548e-06	0.00000e+00	9.38509e-06	1	0	1	234440	127888	106552	0.00000e+00	0.00000e+00	0.00000e+00	0	0	0	14366	5572	8794	0.00000e+00	0.00000e+00	0.00000e+00	0	0	0	33134	13802	19332	0.00000e+00	0.00000e+00	0.00000e+00	0	0	0	19534	10090	9444	0.00000e+00	0.00000e+00	0.00000e+00	0	0	0	9692	5026	4666	0.00000e+00	0.00000e+00	0.00000e+00	0	0	0	105088	59580	45508	5.67859e-05	0.00000e+00	1.12562e-04	1	0	1	17610	8726	8884	0.00000e+00	0.00000e+00	0.00000e+00	0	0	0	29278	22058	7220	4	1.59161e-05
chr11	63974747	rs144339685	C	T	106509.75	multi-snv	2	8.40300e-04	6.33367e-04	1.08867e-03	197	81	116	234440	127888	106552	9.04914e-03	9.33238e-03	8.86968e-03	130	52	78	14366	5572	8794	1.38830e-03	1.15925e-03	1.55183e-03	46	16	30	33134	13802	19332	0.00000e+00	0.00000e+00	0.00000e+00	0	0	0	19534	10090	9444	0.00000e+00	0.00000e+00	0.00000e+00	0	0	0	9692	5026	4666	1.52253e-04	1.67842e-04	1.31845e-04	16	10	6	105088	59580	45508	0.00000e+00	0.00000e+00	0.00000e+00	0	0	0	17610	8726	8884	3.41553e-05	4.53350e-05	0.00000e+00	1	1	0	29278	22058	7220	213	8.47532e-04
chr11	63974749	rs368336163	C	A	3176.39	snv	1	3.83671e-05	3.12691e-05	4.68806e-05	9	4	5	234576	127922	106654	4.16089e-04	5.38406e-04	3.39060e-04	6	3	3	14420	5572	8848	9.06454e-05	7.26216e-05	1.03488e-04	3	1	2	33096	13770	19326	0.00000e+00	0.00000e+00	0.00000e+00	0	0	0	19542	10096	9446	0.00000e+00	0.00000e+00	0.00000e+00	0	0	0	9684	5020	4664	0.00000e+00	0.00000e+00	0.00000e+00	0	0	0	105122	59590	45532	0.00000e+00	0.00000e+00	0.00000e+00	0	0	0	17624	8736	8888	0.00000e+00	0.00000e+00	0.00000e+00	0	0	0	29322	22092	7230	13	5.17269e-05
chr11	63974755	rs755942347	G	C	1284.55	multi-snv	2	8.45637e-06	1.55152e-05	0.00000e+00	2	2	0	236508	128906	107602	1.36203e-04	3.53857e-04	0.00000e+00	2	2	0	14684	5652	9032	0.00000e+00	0.00000e+00	0.00000e+00	0	0	0	33222	13846	19376	0.00000e+00	0.00000e+00	0.00000e+00	0	0	0	19758	10234	9524	0.00000e+00	0.00000e+00	0.00000e+00	0	0	0	9698	5024	4674	0.00000e+00	0.00000e+00	0.00000e+00	0	0	0	106182	60134	46048	0.00000e+00	0.00000e+00	0.00000e+00	0	0	0	17696	8772	8924	0.00000e+00	0.00000e+00	0.00000e+00	0	0	0	29486	22190	7296	2	7.95786e-06
chr11	63974763	rs780158354	C	A	476.83	multi-snv	2	4.25076e-06	7.80141e-06	0.00000e+00	1	1	0	235252	128182	107070	0.00000e+00	0.00000e+00	0.00000e+00	0	0	0	14564	5618	8946	3.02572e-05	7.27379e-05	0.00000e+00	1	1	0	33050	13748	19302	0.00000e+00	0.00000e+00	0.00000e+00	0	0	0	19802	10278	9524	0.00000e+00	0.00000e+00	0.00000e+00	0	0	0	9628	4982	4646	0.00000e+00	0.00000e+00	0.00000e+00	0	0	0	105354	59610	45744	0.00000e+00	0.00000e+00	0.00000e+00	0	0	0	17712	8774	8938	0.00000e+00	0.00000e+00	0.00000e+00	0	0	0	29354	22110	7244	3	1.19372e-05
chr11	63974769	rs768605109	C	T	96.09	snv	1	4.26283e-06	7.82387e-06	0.00000e+00	1	1	0	234586	127814	106772	0.00000e+00	0.00000e+00	0.00000e+00	0	0	0	14512	5592	8920	3.02499e-05	7.26427e-05	0.00000e+00	1	1	0	33058	13766	19292	0.00000e+00	0.00000e+00	0.00000e+00	0	0	0	19718	10198	9520	0.00000e+00	0.00000e+00	0.00000e+00	0	0	0	9610	4984	4626	0.00000e+00	0.00000e+00	0.00000e+00	0	0	0	104948	59444	45504	0.00000e+00	0.00000e+00	0.00000e+00	0	0	0	17704	8764	8940	0.00000e+00	0.00000e+00	0.00000e+00	0	0	0	29264	22022	7242	4	1.59157e-05
chr11	63974773	rs528113495	G	T	32157.07	multi-snv	2	2.27327e-04	2.75517e-04	1.69635e-04	53	35	18	233144	127034	106110	0.00000e+00	0.00000e+00	0.00000e+00	0	0	0	14402	5562	8840	3.03951e-05	0.00000e+00	5.21105e-05	1	0	1	32900	13710	19190	0.00000e+00	0.00000e+00	0.00000e+00	0	0	0	19570	10104	9466	0.00000e+00	0.00000e+00	0.00000e+00	0	0	0	9568	4960	4608	1.92060e-05	1.69543e-05	2.21474e-05	2	1	1	104134	58982	45152	0.00000e+00	0.00000e+00	0.00000e+00	0	0	0	17668	8756	8912	1.64586e-03	1.45906e-03	2.21239e-03	48	32	16	29164	21932	7232	55	2.18846e-04
chr11	63974776	rs772396588	G	A	388.55	snv	1	4.32938e-06	7.94496e-06	0.00000e+00	1	1	0	230980	125866	105114	0.00000e+00	0.00000e+00	0.00000e+00	0	0	0	14180	5480	8700	0.00000e+00	0.00000e+00	0.00000e+00	0	0	0	32772	13656	19116	0.00000e+00	0.00000e+00	0.00000e+00	0	0	0	19388	9988	9400	0.00000e+00	0.00000e+00	0.00000e+00	0	0	0	9498	4932	4566	9.71761e-06	1.71609e-05	0.00000e+00	1	1	0	102906	58272	44634	0.00000e+00	0.00000e+00	0.00000e+00	0	0	0	17520	8700	8820	0.00000e+00	0.00000e+00	0.00000e+00	0	0	0	29002	21820	7182	1	3.97956e-06
chr11	63974787	rs148768920	G	A	1935.85	snv	1	1.32888e-05	1.62551e-05	9.73558e-06	3	2	1	225754	123038	102716	2.17140e-04	3.74532e-04	1.17980e-04	3	2	1	13816	5340	8476	0.00000e+00	0.00000e+00	0.00000e+00	0	0	0	32164	13448	18716	0.00000e+00	0.00000e+00	0.00000e+00	0	0	0	19022	9754	9268	0.00000e+00	0.00000e+00	0.00000e+00	0	0	0	9336	4850	4486	0.00000e+00	0.00000e+00	0.00000e+00	0	0	0	99888	56574	43314	0.00000e+00	0.00000e+00	0.00000e+00	0	0	0	17290	8592	8698	0.00000e+00	0.00000e+00	0.00000e+00	0	0	0	28590	21506	7084	4	1.59213e-05
chr11	63974791	rs61759492	C	A	804855.4	multi-snv	2	4.80390e-03	4.91485e-03	4.67115e-03	1073	598	475	223360	121672	101688	1.09393e-03	1.51114e-03	8.31551e-04	15	8	7	13712	5294	8418	2.70168e-03	2.40168e-03	2.91766e-03	86	32	54	31832	13324	18508	1.05302e-02	1.09867e-02	1.00541e-02	199	106	93	18898	9648	9250	1.08131e-04	2.08420e-04	0.00000e+00	1	1	0	9248	4798	4450	7.52880e-03	7.80325e-03	7.17031e-03	741	435	306	98422	55746	42676	5.82411e-05	0.00000e+00	1.15420e-04	1	0	1	17170	8506	8664	2.10807e-04	2.33514e-04	1.41844e-04	6	5	1	28462	21412	7050	1246	4.95956e-03
chr11	63974791	rs61759492	C	G	804855.4	multi-snv	2	1.34312e-05	8.21882e-06	1.96680e-05	3	1	2	223360	121672	101688	0.00000e+00	0.00000e+00	0.00000e+00	0	0	0	13712	5294	8418	0.00000e+00	0.00000e+00	0.00000e+00	0	0	0	31832	13324	18508	0.00000e+00	0.00000e+00	0.00000e+00	0	0	0	18898	9648	9250	0.00000e+00	0.00000e+00	0.00000e+00	0	0	0	9248	4798	4450	3.04810e-05	1.79385e-05	4.68647e-05	3	1	2	98422	55746	42676	0.00000e+00	0.00000e+00	0.00000e+00	0	0	0	17170	8506	8664	0.00000e+00	0.00000e+00	0.00000e+00	0	0	0	28462	21412	7050	4	1.59215e-05
chr11	63974793	rs1163739348	T	C	460.48	snv	1	9.00568e-06	1.65262e-05	0.00000e+00	2	2	0	222082	121020	101062	0.00000e+00	0.00000e+00	0.00000e+00	0	0	0	13626	5254	8372	0.00000e+00	0.00000e+00	0.00000e+00	0	0	0	31682	13264	18418	0.00000e+00	0.00000e+00	0.00000e+00	0	0	0	18810	9626	9184	0.00000e+00	0.00000e+00	0.00000e+00	0	0	0	9208	4792	4416	2.04700e-05	3.61376e-05	0.00000e+00	2	2	0	97704	55344	42360	0.00000e+00	0.00000e+00	0.00000e+00	0	0	0	17090	8474	8616	0.00000e+00	0.00000e+00	0.00000e+00	0	0	0	28380	21342	7038	3	1.19417e-05
chr11	63974810	rs200786823	G	C	4201.72	snv	1	4.75491e-05	2.91534e-05	6.94653e-05	9	3	6	189278	102904	86374	0.00000e+00	0.00000e+00	0.00000e+00	0	0	0	11798	4548	7250	0.00000e+00	0.00000e+00	0.00000e+00	0	0	0	27228	11592	15636	0.00000e+00	0.00000e+00	0.00000e+00	0	0	0	16864	8376	8488	0.00000e+00	0.00000e+00	0.00000e+00	0	0	0	8000	4230	3770	0.00000e+00	0.00000e+00	0.00000e+00	0	0	0	80086	45064	35022	5.95396e-04	3.95778e-04	7.96178e-04	9	3	6	15116	7580	7536	0.00000e+00	0.00000e+00	0.00000e+00	0	0	0	25290	18964	6326	13	5.18197e-05
chr11	63974811	rs373910843	G	A	7497.53	snv	1	7.38334e-05	4.84581e-05	1.04126e-04	14	5	9	189616	103182	86434	9.30469e-04	1.09601e-03	8.26446e-04	11	5	6	11822	4562	7260	1.10027e-04	0.00000e+00	1.91767e-04	3	0	3	27266	11622	15644	0.00000e+00	0.00000e+00	0.00000e+00	0	0	0	16906	8408	8498	0.00000e+00	0.00000e+00	0.00000e+00	0	0	0	8002	4234	3768	0.00000e+00	0.00000e+00	0.00000e+00	0	0	0	80290	45220	35070	0.00000e+00	0.00000e+00	0.00000e+00	0	0	0	15098	7576	7522	0.00000e+00	0.00000e+00	0.00000e+00	0	0	0	25326	19004	6322	24	9.56602e-05
chr11	63974812	rs749849047	A	G	1246.06	snv	1	2.63272e-05	3.87034e-05	1.15516e-05	5	4	1	189918	103350	86568	0.00000e+00	0.00000e+00	0.00000e+00	0	0	0	11856	4578	7278	0.00000e+00	0.00000e+00	0.00000e+00	0	0	0	27204	11580	15624	0.00000e+00	0.00000e+00	0.00000e+00	0	0	0	16912	8418	8494	0.00000e+00	0.00000e+00	0.00000e+00	0	0	0	8008	4240	3768	0.00000e+00	0.00000e+00	0.00000e+00	0	0	0	80550	45372	35178	3.30950e-04	5.28262e-04	1.32696e-04	5	4	1	15108	7572	7536	0.00000e+00	0.00000e+00	0.00000e+00	0	0	0	25388	19038	6350	8	3.18860e-05
chr11	63974832	rs1202678123	G	A	937.38	snv	1	2.94607e-05	2.77108e-05	3.14465e-05	4	2	2	135774	72174	63600	0.00000e+00	0.00000e+00	0.00000e+00	0	0	0	9144	3498	5646	0.00000e+00	0.00000e+00	0.00000e+00	0	0	0	20890	9082	11808	0.00000e+00	0.00000e+00	0.00000e+00	0	0	0	13542	6454	7088	0.00000e+00	0.00000e+00	0.00000e+00	0	0	0	5442	2880	2562	7.54461e-05	6.93529e-05	8.27130e-05	4	2	2	53018	28838	24180	0.00000e+00	0.00000e+00	0.00000e+00	0	0	0	11884	6046	5838	0.00000e+00	0.00000e+00	0.00000e+00	0	0	0	18192	13464	4728	4	1.60104e-05
chr11	63974837	rs1257725489	G	A	655.53	snv	1	1.62222e-05	0.00000e+00	3.41728e-05	2	0	2	123288	64762	58526	0.00000e+00	0.00000e+00	0.00000e+00	0	0	0	8450	3238	5212	5.07924e-05	0.00000e+00	8.99928e-05	1	0	1	19688	8576	11112	0.00000e+00	0.00000e+00	0.00000e+00	0	0	0	12862	6094	6768	0.00000e+00	0.00000e+00	0.00000e+00	0	0	0	4822	2522	2300	0.00000e+00	0.00000e+00	0.00000e+00	0	0	0	46640	24948	21692	8.94134e-05	0.00000e+00	1.82349e-04	1	0	1	11184	5700	5484	0.00000e+00	0.00000e+00	0.00000e+00	0	0	0	16216	11930	4286	2	8.02491e-06
chr11	63974841	rs778838324	C	A	2201.08	multi-snv	2	1.73759e-05	0.00000e+00	3.65925e-05	2	0	2	115102	60446	54656	0.00000e+00	0.00000e+00	0.00000e+00	0	0	0	8222	3146	5076	0.00000e+00	0.00000e+00	0.00000e+00	0	0	0	17544	7768	9776	0.00000e+00	0.00000e+00	0.00000e+00	0	0	0	12378	5892	6486	0.00000e+00	0.00000e+00	0.00000e+00	0	0	0	4228	2192	2036	4.54628e-05	0.00000e+00	9.76658e-05	2	0	2	43992	23514	20478	0.00000e+00	0.00000e+00	0.00000e+00	0	0	0	10574	5370	5204	0.00000e+00	0.00000e+00	0.00000e+00	0	0	0	15012	10954	4058	4	1.60661e-05
chr11	63976175	rs1412175700	C	A	750.42	multi-snv	2	4.02269e-06	7.43428e-06	0.00000e+00	1	1	0	248590	134512	114078	0.00000e+00	0.00000e+00	0.00000e+00	0	0	0	16256	6186	10070	0.00000e+00	0.00000e+00	0.00000e+00	0	0	0	34582	14314	20268	0.00000e+00	0.00000e+00	0.00000e+00	0	0	0	21588	11248	10340	0.00000e+00	0.00000e+00	0.00000e+00	0	0	0	10038	5154	4884	0.00000e+00	0.00000e+00	0.00000e+00	0	0	0	111028	62302	48726	5.43715e-05	1.10327e-04	0.00000e+00	1	1	0	18392	9064	9328	0.00000e+00	0.00000e+00	0.00000e+00	0	0	0	30596	23054	7542	1	3.97753e-06
chr11	63976175	rs1412175700	C	T	750.42	multi-snv	2	4.02269e-06	7.43428e-06	0.00000e+00	1	1	0	248590	134512	114078	0.00000e+00	0.00000e+00	0.00000e+00	0	0	0	16256	6186	10070	0.00000e+00	0.00000e+00	0.00000e+00	0	0	0	34582	14314	20268	0.00000e+00	0.00000e+00	0.00000e+00	0	0	0	21588	11248	10340	0.00000e+00	0.00000e+00	0.00000e+00	0	0	0	10038	5154	4884	0.00000e+00	0.00000e+00	0.00000e+00	0	0	0	111028	62302	48726	0.00000e+00	0.00000e+00	0.00000e+00	0	0	0	18392	9064	9328	3.26840e-05	4.33764e-05	0.00000e+00	1	1	0	30596	23054	7542	1	3.97753e-06
chr11	63976176	rs368795739	C	G	12455.04	multi-snv	2	8.04382e-06	1.48661e-05	0.00000e+00	2	2	0	248638	134534	114104	0.00000e+00	0.00000e+00	0.00000e+00	0	0	0	16256	6186	10070	0.00000e+00	0.00000e+00	0.00000e+00	0	0	0	34580	14316	20264	0.00000e+00	0.00000e+00	0.00000e+00	0	0	0	21596	11252	10344	0.00000e+00	0.00000e+00	0.00000e+00	0	0	0	10036	5156	4880	1.80076e-05	3.20986e-05	0.00000e+00	2	2	0	111064	62308	48756	0.00000e+00	0.00000e+00	0.00000e+00	0	0	0	18392	9064	9328	0.00000e+00	0.00000e+00	0.00000e+00	0	0	0	30602	23060	7542	2	7.95475e-06
chr11	63976176	rs368795739	C	T	12455.04	multi-snv	2	4.02191e-06	0.00000e+00	8.76393e-06	1	0	1	248638	134534	114104	0.00000e+00	0.00000e+00	0.00000e+00	0	0	0	16256	6186	10070	0.00000e+00	0.00000e+00	0.00000e+00	0	0	0	34580	14316	20264	0.00000e+00	0.00000e+00	0.00000e+00	0	0	0	21596	11252	10344	0.00000e+00	0.00000e+00	0.00000e+00	0	0	0	10036	5156	4880	0.00000e+00	0.00000e+00	0.00000e+00	0	0	0	111064	62308	48756	0.00000e+00	0.00000e+00	0.00000e+00	0	0	0	18392	9064	9328	3.26776e-05	0.00000e+00	1.32591e-04	1	0	1	30602	23060	7542	1	3.97738e-06
chr11	63976177	rs778077401	T	C	2585.37	snv	1	4.02120e-06	7.43251e-06	0.00000e+00	1	1	0	248682	134544	114138	0.00000e+00	0.00000e+00	0.00000e+00	0	0	0	16256	6186	10070	0.00000e+00	0.00000e+00	0.00000e+00	0	0	0	34582	14314	20268	0.00000e+00	0.00000e+00	0.00000e+00	0	0	0	21600	11252	10348	0.00000e+00	0.00000e+00	0.00000e+00	0	0	0	10038	5150	4888	9.00155e-06	1.60462e-05	0.00000e+00	1	1	0	111092	62320	48772	0.00000e+00	0.00000e+00	0.00000e+00	0	0	0	18392	9064	9328	0.00000e+00	0.00000e+00	0.00000e+00	0	0	0	30610	23066	7544	1	3.97728e-06
chr11	63976182	rs1362988966	G	A	515.39	snv	1	4.01800e-06	0.00000e+00	8.75657e-06	1	0	1	248880	134680	114200	0.00000e+00	0.00000e+00	0.00000e+00	0	0	0	16256	6186	10070	2.89151e-05	0.00000e+00	4.93389e-05	1	0	1	34584	14316	20268	0.00000e+00	0.00000e+00	0.00000e+00	0	0	0	21614	11258	10356	0.00000e+00	0.00000e+00	0.00000e+00	0	0	0	10054	5164	4890	0.00000e+00	0.00000e+00	0.00000e+00	0	0	0	111258	62434	48824	0.00000e+00	0.00000e+00	0.00000e+00	0	0	0	18392	9064	9328	0.00000e+00	0.00000e+00	0.00000e+00	0	0	0	30612	23068	7544	1	3.97697e-06
chr11	63976193	rs112292223	C	T	31912.46	snv	1	2.80955e-05	2.96652e-05	2.62440e-05	7	4	3	249150	134838	114312	1.23031e-04	0.00000e+00	1.98610e-04	2	0	2	16256	6186	10070	0.00000e+00	0.00000e+00	0.00000e+00	0	0	0	34588	14318	20270	0.00000e+00	0.00000e+00	0.00000e+00	0	0	0	21636	11264	10372	0.00000e+00	0.00000e+00	0.00000e+00	0	0	0	10060	5174	4886	2.69087e-05	4.79494e-05	0.00000e+00	3	3	0	111488	62566	48922	1.08731e-04	1.10302e-04	1.07204e-04	2	1	1	18394	9066	9328	0.00000e+00	0.00000e+00	0.00000e+00	0	0	0	30614	23070	7544	7	2.78363e-05
chr11	63976194	rs771010516	C	T	5831.74	snv	1	1.20411e-05	7.41686e-06	1.74951e-05	3	1	2	249146	134828	114318	6.15157e-05	0.00000e+00	9.93049e-05	1	0	1	16256	6186	10070	0.00000e+00	0.00000e+00	0.00000e+00	0	0	0	34586	14316	20270	0.00000e+00	0.00000e+00	0.00000e+00	0	0	0	21632	11262	10370	0.00000e+00	0.00000e+00	0.00000e+00	0	0	0	10062	5172	4890	0.00000e+00	0.00000e+00	0.00000e+00	0	0	0	111488	62562	48926	1.08731e-04	1.10302e-04	1.07204e-04	2	1	1	18394	9066	9328	0.00000e+00	0.00000e+00	0.00000e+00	0	0	0	30612	23068	7544	3	1.19301e-05
chr11	63976195	rs772970699	G	A	23174.38	multi-snv	2	4.01310e-05	5.19134e-05	2.62366e-05	10	7	3	249184	134840	114344	0.00000e+00	0.00000e+00	0.00000e+00	0	0	0	16256	6186	10070	0.00000e+00	0.00000e+00	0.00000e+00	0	0	0	34588	14318	20270	3.69959e-04	5.33144e-04	1.92864e-04	8	6	2	21624	11254	10370	0.00000e+00	0.00000e+00	0.00000e+00	0	0	0	10062	5172	4890	1.79321e-05	1.59801e-05	2.04273e-05	2	1	1	111532	62578	48954	0.00000e+00	0.00000e+00	0.00000e+00	0	0	0	18394	9066	9328	0.00000e+00	0.00000e+00	0.00000e+00	0	0	0	30614	23070	7544	10	3.97662e-05
chr11	63976195	rs772970699	G	C	23174.38	multi-snv	2	4.01310e-06	0.00000e+00	8.74554e-06	1	0	1	249184	134840	114344	0.00000e+00	0.00000e+00	0.00000e+00	0	0	0	16256	6186	10070	0.00000e+00	0.00000e+00	0.00000e+00	0	0	0	34588	14318	20270	0.00000e+00	0.00000e+00	0.00000e+00	0	0	0	21624	11254	10370	0.00000e+00	0.00000e+00	0.00000e+00	0	0	0	10062	5172	4890	8.96604e-06	0.00000e+00	2.04273e-05	1	0	1	111532	62578	48954	0.00000e+00	0.00000e+00	0.00000e+00	0	0	0	18394	9066	9328	0.00000e+00	0.00000e+00	0.00000e+00	0	0	0	30614	23070	7544	1	3.97662e-06
chr11	63976202	rs371870371	C	A	48580.68	snv	1	6.41478e-05	4.44609e-05	8.73561e-05	16	6	10	249424	134950	114474	9.22736e-04	8.08277e-04	9.93049e-04	15	5	10	16256	6186	10070	2.89118e-05	6.98422e-05	0.00000e+00	1	1	0	34588	14318	20270	0.00000e+00	0.00000e+00	0.00000e+00	0	0	0	21632	11260	10372	0.00000e+00	0.00000e+00	0.00000e+00	0	0	0	10062	5170	4892	0.00000e+00	0.00000e+00	0.00000e+00	0	0	0	111750	62676	49074	0.00000e+00	0.00000e+00	0.00000e+00	0	0	0	18394	9066	9328	0.00000e+00	0.00000e+00	0.00000e+00	0	0	0	30616	23072	7544	17	6.75993e-05
chr11	63976203	rs770349324	T	G	20554.41	snv	1	2.80611e-05	2.96367e-05	2.62036e-05	7	4	3	249456	134968	114488	0.00000e+00	0.00000e+00	0.00000e+00	0	0	0	16256	6186	10070	0.00000e+00	0.00000e+00	0.00000e+00	0	0	0	34590	14320	20270	0.00000e+00	0.00000e+00	0.00000e+00	0	0	0	21634	11262	10372	0.00000e+00	0.00000e+00	0.00000e+00	0	0	0	10060	5170	4890	6.26230e-05	6.38060e-05	6.11122e-05	7	4	3	111780	62690	49090	0.00000e+00	0.00000e+00	0.00000e+00	0	0	0	18394	9066	9328	0.00000e+00	0.00000e+00	0.00000e+00	0	0	0	30616	23072	7544	7	2.78348e-05
chr11	63976220	rs775761715	T	C	3496.36	snv	1	3.99930e-06	0.00000e+00	8.71414e-06	1	0	1	250044	135288	114756	0.00000e+00	0.00000e+00	0.00000e+00	0	0	0	16256	6186	10070	0.00000e+00	0.00000e+00	0.00000e+00	0	0	0	34592	14322	20270	0.00000e+00	0.00000e+00	0.00000e+00	0	0	0	21642	11270	10372	0.00000e+00	0.00000e+00	0.00000e+00	0	0	0	10074	5178	4896	0.00000e+00	0.00000e+00	0.00000e+00	0	0	0	112336	62986	49350	5.43656e-05	0.00000e+00	1.07204e-04	1	0	1	18394	9066	9328	0.00000e+00	0.00000e+00	0.00000e+00	0	0	0	30616	23072	7544	1	3.97636e-06
chr11	63976225	rs763393947	G	A	1886.38	multi-snv	2	3.99706e-06	0.00000e+00	8.70837e-06	1	0	1	250184	135352	114832	0.00000e+00	0.00000e+00	0.00000e+00	0	0	0	16256	6186	10070	0.00000e+00	0.00000e+00	0.00000e+00	0	0	0	34592	14322	20270	0.00000e+00	0.00000e+00	0.00000e+00	0	0	0	21646	11274	10372	0.00000e+00	0.00000e+00	0.00000e+00	0	0	0	10074	5178	4896	8.89126e-06	0.00000e+00	2.02323e-05	1	0	1	112470	63044	49426	0.00000e+00	0.00000e+00	0.00000e+00	0	0	0	18394	9066	9328	0.00000e+00	0.00000e+00	0.00000e+00	0	0	0	30616	23072	7544	1	3.97636e-06
chr11	63976226	rs767032054	A	G	1808.36	snv	1	3.99674e-06	0.00000e+00	8.70716e-06	1	0	1	250204	135356	114848	0.00000e+00	0.00000e+00	0.00000e+00	0	0	0	16256	6186	10070	0.00000e+00	0.00000e+00	0.00000e+00	0	0	0	34592	14322	20270	0.00000e+00	0.00000e+00	0.00000e+00	0	0	0	21648	11274	10374	0.00000e+00	0.00000e+00	0.00000e+00	0	0	0	10074	5178	4896	8.88984e-06	0.00000e+00	2.02265e-05	1	0	1	112488	63048	49440	0.00000e+00	0.00000e+00	0.00000e+00	0	0	0	18394	9066	9328	0.00000e+00	0.00000e+00	0.00000e+00	0	0	0	30616	23072	7544	1	3.97636e-06
chr11	63976232	rs1313133583	C	G	982.15	snv	1	3.99466e-06	7.38476e-06	0.00000e+00	1	1	0	250334	135414	114920	0.00000e+00	0.00000e+00	0.00000e+00	0	0	0	16256	6186	10070	0.00000e+00	0.00000e+00	0.00000e+00	0	0	0	34592	14322	20270	0.00000e+00	0.00000e+00	0.00000e+00	0	0	0	21646	11272	10374	0.00000e+00	0.00000e+00	0.00000e+00	0	0	0	10072	5176	4896	0.00000e+00	0.00000e+00	0.00000e+00	0	0	0	112622	63110	49512	5.43656e-05	1.10302e-04	0.00000e+00	1	1	0	18394	9066	9328	0.00000e+00	0.00000e+00	0.00000e+00	0	0	0	30616	23072	7544	1	3.97633e-06
chr11	63976234	rs550927126	G	A	5836.21	multi-snv	2	1.19778e-05	0.00000e+00	2.60910e-05	3	0	3	250464	135482	114982	0.00000e+00	0.00000e+00	0.00000e+00	0	0	0	16256	6186	10070	0.00000e+00	0.00000e+00	0.00000e+00	0	0	0	34592	14322	20270	0.00000e+00	0.00000e+00	0.00000e+00	0	0	0	21646	11272	10374	0.00000e+00	0.00000e+00	0.00000e+00	0	0	0	10076	5178	4898	2.66080e-05	0.00000e+00	6.05180e-05	3	0	3	112748	63176	49572	0.00000e+00	0.00000e+00	0.00000e+00	0	0	0	18394	9066	9328	0.00000e+00	0.00000e+00	0.00000e+00	0	0	0	30616	23072	7544	3	1.19288e-05
chr11	63976234	rs550927126	G	T	5836.21	multi-snv	2	3.99259e-06	0.00000e+00	8.69701e-06	1	0	1	250464	135482	114982	0.00000e+00	0.00000e+00	0.00000e+00	0	0	0	16256	6186	10070	2.89084e-05	0.00000e+00	4.93340e-05	1	0	1	34592	14322	20270	0.00000e+00	0.00000e+00	0.00000e+00	0	0	0	21646	11272	10374	0.00000e+00	0.00000e+00	0.00000e+00	0	0	0	10076	5178	4898	0.00000e+00	0.00000e+00	0.00000e+00	0	0	0	112748	63176	49572	0.00000e+00	0.00000e+00	0.00000e+00	0	0	0	18394	9066	9328	0.00000e+00	0.00000e+00	0.00000e+00	0	0	0	30616	23072	7544	1	3.97627e-06
chr11	63976254	rs760287531	C	G	7440.16	multi-snv	2	3.98718e-06	0.00000e+00	8.68357e-06	1	0	1	250804	135644	115160	0.00000e+00	0.00000e+00	0.00000e+00	0	0	0	16256	6186	10070	0.00000e+00	0.00000e+00	0.00000e+00	0	0	0	34592	14322	20270	0.00000e+00	0.00000e+00	0.00000e+00	0	0	0	21648	11274	10374	0.00000e+00	0.00000e+00	0.00000e+00	0	0	0	10078	5180	4898	8.84330e-06	0.00000e+00	2.01013e-05	1	0	1	113080	63332	49748	0.00000e+00	0.00000e+00	0.00000e+00	0	0	0	18394	9066	9328	0.00000e+00	0.00000e+00	0.00000e+00	0	0	0	30616	23072	7544	1	3.97627e-06
chr11	63976254	rs760287531	C	T	7440.16	multi-snv	2	7.97435e-06	7.37224e-06	8.68357e-06	2	1	1	250804	135644	115160	0.00000e+00	0.00000e+00	0.00000e+00	0	0	0	16256	6186	10070	0.00000e+00	0.00000e+00	0.00000e+00	0	0	0	34592	14322	20270	0.00000e+00	0.00000e+00	0.00000e+00	0	0	0	21648	11274	10374	0.00000e+00	0.00000e+00	0.00000e+00	0	0	0	10078	5180	4898	0.00000e+00	0.00000e+00	0.00000e+00	0	0	0	113080	63332	49748	0.00000e+00	0.00000e+00	0.00000e+00	0	0	0	18394	9066	9328	6.53253e-05	4.33426e-05	1.32556e-04	2	1	1	30616	23072	7544	2	7.95254e-06
chr11	63976255	rs753459130	G	C	2817.37	snv	1	7.97232e-06	0.00000e+00	1.73620e-05	2	0	2	250868	135674	115194	0.00000e+00	0.00000e+00	0.00000e+00	0	0	0	16256	6186	10070	0.00000e+00	0.00000e+00	0.00000e+00	0	0	0	34592	14322	20270	0.00000e+00	0.00000e+00	0.00000e+00	0	0	0	21648	11274	10374	0.00000e+00	0.00000e+00	0.00000e+00	0	0	0	10076	5180	4896	1.76763e-05	0.00000e+00	4.01735e-05	2	0	2	113146	63362	49784	0.00000e+00	0.00000e+00	0.00000e+00	0	0	0	18394	9066	9328	0.00000e+00	0.00000e+00	0.00000e+00	0	0	0	30616	23072	7544	2	7.95254e-06
chr11	63976264	rs1209465618	C	T	711.36	snv	1	3.98486e-06	0.00000e+00	8.67845e-06	1	0	1	250950	135722	115228	0.00000e+00	0.00000e+00	0.00000e+00	0	0	0	16256	6186	10070	2.89084e-05	0.00000e+00	4.93340e-05	1	0	1	34592	14322	20270	0.00000e+00	0.00000e+00	0.00000e+00	0	0	0	21648	11274	10374	0.00000e+00	0.00000e+00	0.00000e+00	0	0	0	10078	5180	4898	0.00000e+00	0.00000e+00	0.00000e+00	0	0	0	113226	63410	49816	0.00000e+00	0.00000e+00	0.00000e+00	0	0	0	18394	9066	9328	0.00000e+00	0.00000e+00	0.00000e+00	0	0	0	30616	23072	7544	1	3.97621e-06
chr11	63976269	rs1252127289	G	A	1397.36	snv	1	3.98410e-06	7.36724e-06	0.00000e+00	1	1	0	250998	135736	115262	0.00000e+00	0.00000e+00	0.00000e+00	0	0	0	16256	6186	10070	0.00000e+00	0.00000e+00	0.00000e+00	0	0	0	34592	14322	20270	0.00000e+00	0.00000e+00	0.00000e+00	0	0	0	21648	11274	10374	0.00000e+00	0.00000e+00	0.00000e+00	0	0	0	10078	5180	4898	0.00000e+00	0.00000e+00	0.00000e+00	0	0	0	113274	63424	49850	5.43656e-05	1.10302e-04	0.00000e+00	1	1	0	18394	9066	9328	0.00000e+00	0.00000e+00	0.00000e+00	0	0	0	30616	23072	7544	1	3.97621e-06
chr11	63976274	rs754961342	C	G	1860.36	snv	1	3.98444e-06	0.00000e+00	8.67664e-06	1	0	1	250976	135724	115252	0.00000e+00	0.00000e+00	0.00000e+00	0	0	0	16256	6186	10070	2.89084e-05	0.00000e+00	4.93340e-05	1	0	1	34592	14322	20270	0.00000e+00	0.00000e+00	0.00000e+00	0	0	0	21646	11274	10372	0.00000e+00	0.00000e+00	0.00000e+00	0	0	0	10078	5180	4898	0.00000e+00	0.00000e+00	0.00000e+00	0	0	0	113254	63412	49842	0.00000e+00	0.00000e+00	0.00000e+00	0	0	0	18394	9066	9328	0.00000e+00	0.00000e+00	0.00000e+00	0	0	0	30616	23072	7544	1	3.97621e-06
chr11	63976275	rs765270324	G	A	9492.93	snv	1	1.59356e-05	1.47354e-05	1.73488e-05	4	2	2	251010	135728	115282	1.84547e-04	3.23311e-04	9.93049e-05	3	2	1	16256	6186	10070	0.00000e+00	0.00000e+00	0.00000e+00	0	0	0	34592	14322	20270	0.00000e+00	0.00000e+00	0.00000e+00	0	0	0	21648	11274	10374	0.00000e+00	0.00000e+00	0.00000e+00	0	0	0	10078	5180	4898	0.00000e+00	0.00000e+00	0.00000e+00	0	0	0	113286	63416	49870	0.00000e+00	0.00000e+00	0.00000e+00	0	0	0	18394	9066	9328	3.26627e-05	0.00000e+00	1.32556e-04	1	0	1	30616	23072	7544	4	1.59048e-05
chr11	63976281	rs146388741	G	T	10421.15	snv	1	1.99110e-05	1.47295e-05	2.60110e-05	5	2	3	251118	135782	115336	0.00000e+00	0.00000e+00	0.00000e+00	0	0	0	16256	6186	10070	1.15634e-04	1.39645e-04	9.86680e-05	4	2	2	34592	14322	20270	0.00000e+00	0.00000e+00	0.00000e+00	0	0	0	21648	11274	10374	0.00000e+00	0.00000e+00	0.00000e+00	0	0	0	10078	5180	4898	8.81881e-06	0.00000e+00	2.00304e-05	1	0	1	113394	63470	49924	0.00000e+00	0.00000e+00	0.00000e+00	0	0	0	18394	9066	9328	0.00000e+00	0.00000e+00	0.00000e+00	0	0	0	30616	23072	7544	5	1.98810e-05
chr11	63976284	rs11550240	C	A	144330.2	snv	1	3.46431e-04	2.43012e-04	4.68197e-04	87	33	54	251132	135796	115336	0.00000e+00	0.00000e+00	0.00000e+00	0	0	0	16256	6186	10070	3.17993e-04	3.49113e-04	2.96004e-04	11	5	6	34592	14322	20270	0.00000e+00	0.00000e+00	0.00000e+00	0	0	0	21646	11272	10374	6.54892e-03	4.44015e-03	8.77909e-03	66	23	43	10078	5180	4898	8.81756e-05	7.87575e-05	1.00152e-04	10	5	5	113410	63486	49924	0.00000e+00	0.00000e+00	0.00000e+00	0	0	0	18394	9066	9328	0.00000e+00	0.00000e+00	0.00000e+00	0	0	0	30616	23072	7544	88	3.49906e-04
chr11	63976294	rs777466793	C	A	816.35	snv	1	3.97975e-06	7.36095e-06	0.00000e+00	1	1	0	251272	135852	115420	0.00000e+00	0.00000e+00	0.00000e+00	0	0	0	16256	6186	10070	0.00000e+00	0.00000e+00	0.00000e+00	0	0	0	34592	14322	20270	0.00000e+00	0.00000e+00	0.00000e+00	0	0	0	21648	11274	10374	0.00000e+00	0.00000e+00	0.00000e+00	0	0	0	10078	5180	4898	0.00000e+00	0.00000e+00	0.00000e+00	0	0	0	113548	63540	50008	0.00000e+00	0.00000e+00	0.00000e+00	0	0	0	18394	9066	9328	3.26627e-05	4.33426e-05	0.00000e+00	1	1	0	30616	23072	7544	1	3.97621e-06
chr11	63976297	rs762976394	G	C	5164.16	multi-snv	2	1.19377e-05	7.36041e-06	1.73247e-05	3	1	2	251304	135862	115442	0.00000e+00	0.00000e+00	0.00000e+00	0	0	0	16256	6186	10070	0.00000e+00	0.00000e+00	0.00000e+00	0	0	0	34592	14322	20270	1.38594e-04	8.87154e-05	1.92790e-04	3	1	2	21646	11272	10374	0.00000e+00	0.00000e+00	0.00000e+00	0	0	0	10078	5180	4898	0.00000e+00	0.00000e+00	0.00000e+00	0	0	0	113582	63552	50030	0.00000e+00	0.00000e+00	0.00000e+00	0	0	0	18394	9066	9328	0.00000e+00	0.00000e+00	0.00000e+00	0	0	0	30616	23072	7544	3	1.19286e-05
chr11	63976297	rs762976394	G	T	5164.16	multi-snv	2	3.97924e-06	0.00000e+00	8.66236e-06	1	0	1	251304	135862	115442	0.00000e+00	0.00000e+00	0.00000e+00	0	0	0	16256	6186	10070	0.00000e+00	0.00000e+00	0.00000e+00	0	0	0	34592	14322	20270	0.00000e+00	0.00000e+00	0.00000e+00	0	0	0	21646	11272	10374	0.00000e+00	0.00000e+00	0.00000e+00	0	0	0	10078	5180	4898	8.80421e-06	0.00000e+00	1.99880e-05	1	0	1	113582	63552	50030	0.00000e+00	0.00000e+00	0.00000e+00	0	0	0	18394	9066	9328	0.00000e+00	0.00000e+00	0.00000e+00	0	0	0	30616	23072	7544	1	3.97621e-06
chr11	63976299	rs946401183	G	A	761.37	snv	1	3.97848e-06	0.00000e+00	8.65981e-06	1	0	1	251352	135876	115476	0.00000e+00	0.00000e+00	0.00000e+00	0	0	0	16256	6186	10070	0.00000e+00	0.00000e+00	0.00000e+00	0	0	0	34592	14322	20270	0.00000e+00	0.00000e+00	0.00000e+00	0	0	0	21646	11274	10372	0.00000e+00	0.00000e+00	0.00000e+00	0	0	0	10078	5180	4898	8.80049e-06	0.00000e+00	1.99736e-05	1	0	1	113630	63564	50066	0.00000e+00	0.00000e+00	0.00000e+00	0	0	0	18394	9066	9328	0.00000e+00	0.00000e+00	0.00000e+00	0	0	0	30616	23072	7544	1	3.97621e-06
chr11	63976304	rs757530768	A	G	1327.36	snv	1	3.97833e-06	7.35954e-06	0.00000e+00	1	1	0	251362	135878	115484	0.00000e+00	0.00000e+00	0.00000e+00	0	0	0	16256	6186	10070	0.00000e+00	0.00000e+00	0.00000e+00	0	0	0	34592	14322	20270	0.00000e+00	0.00000e+00	0.00000e+00	0	0	0	21648	11274	10374	0.00000e+00	0.00000e+00	0.00000e+00	0	0	0	10078	5180	4898	0.00000e+00	0.00000e+00	0.00000e+00	0	0	0	113638	63566	50072	0.00000e+00	0.00000e+00	0.00000e+00	0	0	0	18394	9066	9328	3.26627e-05	4.33426e-05	0.00000e+00	1	1	0	30616	23072	7544	1	3.97624e-06
chr11	63976305	rs1372457246	C	T	1084.36	snv	1	3.97836e-06	0.00000e+00	8.65951e-06	1	0	1	251360	135880	115480	0.00000e+00	0.00000e+00	0.00000e+00	0	0	0	16256	6186	10070	0.00000e+00	0.00000e+00	0.00000e+00	0	0	0	34592	14322	20270	0.00000e+00	0.00000e+00	0.00000e+00	0	0	0	21648	11274	10374	0.00000e+00	0.00000e+00	0.00000e+00	0	0	0	10078	5180	4898	0.00000e+00	0.00000e+00	0.00000e+00	0	0	0	113636	63568	50068	0.00000e+00	0.00000e+00	0.00000e+00	0	0	0	18394	9066	9328	0.00000e+00	0.00000e+00	0.00000e+00	0	0	0	30616	23072	7544	1	3.97624e-06
chr11	63976306	rs781241928	A	G	1625.36	snv	1	3.97807e-06	0.00000e+00	8.65846e-06	1	0	1	251378	135884	115494	0.00000e+00	0.00000e+00	0.00000e+00	0	0	0	16256	6186	10070	0.00000e+00	0.00000e+00	0.00000e+00	0	0	0	34592	14322	20270	0.00000e+00	0.00000e+00	0.00000e+00	0	0	0	21648	11274	10374	0.00000e+00	0.00000e+00	0.00000e+00	0	0	0	10078	5180	4898	8.79863e-06	0.00000e+00	1.99673e-05	1	0	1	113654	63572	50082	0.00000e+00	0.00000e+00	0.00000e+00	0	0	0	18394	9066	9328	0.00000e+00	0.00000e+00	0.00000e+00	0	0	0	30616	23072	7544	1	3.97624e-06
chr11	63976307	rs745949117	G	A	1885.36	snv	1	3.97826e-06	7.35965e-06	0.00000e+00	1	1	0	251366	135876	115490	0.00000e+00	0.00000e+00	0.00000e+00	0	0	0	16256	6186	10070	0.00000e+00	0.00000e+00	0.00000e+00	0	0	0	34592	14322	20270	0.00000e+00	0.00000e+00	0.00000e+00	0	0	0	21646	11274	10372	0.00000e+00	0.00000e+00	0.00000e+00	0	0	0	10078	5180	4898	0.00000e+00	0.00000e+00	0.00000e+00	0	0	0	113644	63564	50080	0.00000e+00	0.00000e+00	0.00000e+00	0	0	0	18394	9066	9328	0.00000e+00	0.00000e+00	0.00000e+00	0	0	0	30616	23072	7544	1	3.97624e-06
chr11	63976316	rs770232699	A	G	1504.36	snv	1	3.97744e-06	7.35889e-06	0.00000e+00	1	1	0	251418	135890	115528	0.00000e+00	0.00000e+00	0.00000e+00	0	0	0	16256	6186	10070	0.00000e+00	0.00000e+00	0.00000e+00	0	0	0	34592	14322	20270	0.00000e+00	0.00000e+00	0.00000e+00	0	0	0	21646	11274	10372	0.00000e+00	0.00000e+00	0.00000e+00	0	0	0	10078	5180	4898	8.79538e-06	1.57287e-05	0.00000e+00	1	1	0	113696	63578	50118	0.00000e+00	0.00000e+00	0.00000e+00	0	0	0	18394	9066	9328	0.00000e+00	0.00000e+00	0.00000e+00	0	0	0	30616	23072	7544	1	3.97624e-06
chr11	63976317	rs139543877	G	A	8323.17	snv	1	1.19322e-05	1.47176e-05	8.65591e-06	3	2	1	251420	135892	115528	0.00000e+00	0.00000e+00	0.00000e+00	0	0	0	16256	6186	10070	0.00000e+00	0.00000e+00	0.00000e+00	0	0	0	34592	14322	20270	4.61979e-05	8.86997e-05	0.00000e+00	1	1	0	21646	11274	10372	0.00000e+00	0.00000e+00	0.00000e+00	0	0	0	10078	5180	4898	1.75905e-05	1.57282e-05	1.99529e-05	2	1	1	113698	63580	50118	0.00000e+00	0.00000e+00	0.00000e+00	0	0	0	18394	9066	9328	0.00000e+00	0.00000e+00	0.00000e+00	0	0	0	30616	23072	7544	3	1.19287e-05
chr11	63976318	rs1299846549	T	G	2725.16	snv	1	3.97769e-06	0.00000e+00	8.65636e-06	1	0	1	251402	135880	115522	0.00000e+00	0.00000e+00	0.00000e+00	0	0	0	16256	6186	10070	0.00000e+00	0.00000e+00	0.00000e+00	0	0	0	34592	14322	20270	0.00000e+00	0.00000e+00	0.00000e+00	0	0	0	21646	11274	10372	0.00000e+00	0.00000e+00	0.00000e+00	0	0	0	10078	5180	4898	8.79662e-06	0.00000e+00	1.99553e-05	1	0	1	113680	63568	50112	0.00000e+00	0.00000e+00	0.00000e+00	0	0	0	18394	9066	9328	0.00000e+00	0.00000e+00	0.00000e+00	0	0	0	30616	23072	7544	1	3.97624e-06
chr11	63976323	rs749578372	G	T	1425.59	snv	1	3.97747e-06	0.00000e+00	8.65561e-06	1	0	1	251416	135884	115532	0.00000e+00	0.00000e+00	0.00000e+00	0	0	0	16256	6186	10070	0.00000e+00	0.00000e+00	0.00000e+00	0	0	0	34590	14322	20268	0.00000e+00	0.00000e+00	0.00000e+00	0	0	0	21642	11270	10372	0.00000e+00	0.00000e+00	0.00000e+00	0	0	0	10078	5180	4898	0.00000e+00	0.00000e+00	0.00000e+00	0	0	0	113702	63578	50124	0.00000e+00	0.00000e+00	0.00000e+00	0	0	0	18394	9066	9328	3.26627e-05	0.00000e+00	1.32556e-04	1	0	1	30616	23072	7544	1	3.97624e-06
chr11	63976325	rs769037195	G	A	16467.59	snv	1	5.17141e-05	7.36019e-05	2.59704e-05	13	10	3	251382	135866	115516	0.00000e+00	0.00000e+00	0.00000e+00	0	0	0	16256	6186	10070	0.00000e+00	0.00000e+00	0.00000e+00	0	0	0	34588	14320	20268	0.00000e+00	0.00000e+00	0.00000e+00	0	0	0	21638	11272	10366	0.00000e+00	0.00000e+00	0.00000e+00	0	0	0	10076	5178	4898	8.79678e-06	1.57322e-05	0.00000e+00	1	1	0	113678	63564	50114	0.00000e+00	0.00000e+00	0.00000e+00	0	0	0	18394	9066	9328	3.59289e-04	3.46741e-04	3.97667e-04	11	8	3	30616	23072	7544	13	5.16915e-05
chr11	63976327	rs774629897	C	T	2288.38	snv	1	3.97807e-06	7.36041e-06	0.00000e+00	1	1	0	251378	135862	115516	0.00000e+00	0.00000e+00	0.00000e+00	0	0	0	16256	6186	10070	0.00000e+00	0.00000e+00	0.00000e+00	0	0	0	34588	14320	20268	0.00000e+00	0.00000e+00	0.00000e+00	0	0	0	21638	11272	10366	0.00000e+00	0.00000e+00	0.00000e+00	0	0	0	10076	5178	4898	8.79709e-06	1.57332e-05	0.00000e+00	1	1	0	113674	63560	50114	0.00000e+00	0.00000e+00	0.00000e+00	0	0	0	18394	9066	9328	0.00000e+00	0.00000e+00	0.00000e+00	0	0	0	30616	23072	7544	1	3.97627e-06
chr11	63976328	rs200491339	C	T	3951.18	snv	1	1.19355e-05	7.36149e-06	1.73148e-05	3	1	2	251350	135842	115508	0.00000e+00	0.00000e+00	0.00000e+00	0	0	0	16254	6184	10070	0.00000e+00	0.00000e+00	0.00000e+00	0	0	0	34586	14320	20266	0.00000e+00	0.00000e+00	0.00000e+00	0	0	0	21636	11268	10368	0.00000e+00	0.00000e+00	0.00000e+00	0	0	0	10074	5176	4898	2.63950e-05	1.57361e-05	3.99122e-05	3	1	2	113658	63548	50110	0.00000e+00	0.00000e+00	0.00000e+00	0	0	0	18394	9066	9328	0.00000e+00	0.00000e+00	0.00000e+00	0	0	0	30616	23072	7544	3	1.19288e-05
chr11	63976329	rs770774195	G	A	6752.96	multi-snv	2	1.59132e-05	7.36128e-06	2.59700e-05	4	1	3	251364	135846	115518	0.00000e+00	0.00000e+00	0.00000e+00	0	0	0	16256	6186	10070	0.00000e+00	0.00000e+00	0.00000e+00	0	0	0	34586	14320	20266	0.00000e+00	0.00000e+00	0.00000e+00	0	0	0	21634	11266	10368	0.00000e+00	0.00000e+00	0.00000e+00	0	0	0	10074	5176	4898	8.79740e-06	1.57347e-05	0.00000e+00	1	1	0	113670	63554	50116	1.08731e-04	0.00000e+00	2.14408e-04	2	0	2	18394	9066	9328	0.00000e+00	0.00000e+00	0.00000e+00	0	0	0	30616	23072	7544	5	1.98813e-05
chr11	63976329	rs770774195	G	C	6752.96	multi-snv	2	3.97829e-06	7.36128e-06	0.00000e+00	1	1	0	251364	135846	115518	0.00000e+00	0.00000e+00	0.00000e+00	0	0	0	16256	6186	10070	0.00000e+00	0.00000e+00	0.00000e+00	0	0	0	34586	14320	20266	4.62235e-05	8.87626e-05	0.00000e+00	1	1	0	21634	11266	10368	0.00000e+00	0.00000e+00	0.00000e+00	0	0	0	10074	5176	4898	0.00000e+00	0.00000e+00	0.00000e+00	0	0	0	113670	63554	50116	0.00000e+00	0.00000e+00	0.00000e+00	0	0	0	18394	9066	9328	0.00000e+00	0.00000e+00	0.00000e+00	0	0	0	30616	23072	7544	1	3.97627e-06
chr11	63976332	rs776215590	C	T	2139.15	snv	1	3.97864e-06	0.00000e+00	8.65771e-06	1	0	1	251342	135838	115504	0.00000e+00	0.00000e+00	0.00000e+00	0	0	0	16256	6186	10070	0.00000e+00	0.00000e+00	0.00000e+00	0	0	0	34588	14320	20268	0.00000e+00	0.00000e+00	0.00000e+00	0	0	0	21640	11272	10368	0.00000e+00	0.00000e+00	0.00000e+00	0	0	0	10076	5178	4898	8.79972e-06	0.00000e+00	1.99585e-05	1	0	1	113640	63536	50104	0.00000e+00	0.00000e+00	0.00000e+00	0	0	0	18394	9066	9328	0.00000e+00	0.00000e+00	0.00000e+00	0	0	0	30616	23072	7544	1	3.97621e-06
chr11	63976343	rs778677693	ACT	A	3000.74	indel	1	7.96445e-06	0.00000e+00	1.73301e-05	2	0	2	251116	135710	115406	6.15157e-05	0.00000e+00	9.93049e-05	1	0	1	16256	6186	10070	2.89201e-05	0.00000e+00	4.93486e-05	1	0	1	34578	14314	20264	0.00000e+00	0.00000e+00	0.00000e+00	0	0	0	21630	11264	10366	0.00000e+00	0.00000e+00	0.00000e+00	0	0	0	10068	5174	4894	0.00000e+00	0.00000e+00	0.00000e+00	0	0	0	113454	63432	50022	0.00000e+00	0.00000e+00	0.00000e+00	0	0	0	18390	9066	9324	0.00000e+00	0.00000e+00	0.00000e+00	0	0	0	30614	23070	7544	2	7.95241e-06
chr11	63976347	rs759138611	T	C	483.36	snv	1	3.98451e-06	7.37333e-06	0.00000e+00	1	1	0	250972	135624	115348	0.00000e+00	0.00000e+00	0.00000e+00	0	0	0	16254	6184	10070	0.00000e+00	0.00000e+00	0.00000e+00	0	0	0	34564	14310	20254	0.00000e+00	0.00000e+00	0.00000e+00	0	0	0	21618	11256	10362	0.00000e+00	0.00000e+00	0.00000e+00	0	0	0	10062	5170	4892	0.00000e+00	0.00000e+00	0.00000e+00	0	0	0	113348	63368	49980	0.00000e+00	0.00000e+00	0.00000e+00	0	0	0	18390	9064	9326	3.26627e-05	4.33426e-05	0.00000e+00	1	1	0	30616	23072	7544	1	3.97627e-06
chr11	63976351	rs765225340	C	A	6033	snv	1	1.99399e-05	2.21399e-05	1.73533e-05	5	3	2	250754	135502	115252	0.00000e+00	0.00000e+00	0.00000e+00	0	0	0	16254	6184	10070	0.00000e+00	0.00000e+00	0.00000e+00	0	0	0	34540	14302	20238	0.00000e+00	0.00000e+00	0.00000e+00	0	0	0	21594	11242	10352	0.00000e+00	0.00000e+00	0.00000e+00	0	0	0	10054	5166	4888	0.00000e+00	0.00000e+00	0.00000e+00	0	0	0	113200	63278	49922	2.71857e-04	3.30907e-04	2.14454e-04	5	3	2	18392	9066	9326	0.00000e+00	0.00000e+00	0.00000e+00	0	0	0	30612	23070	7542	5	1.98813e-05
chr11	63976355	rs1189119481	C	T	579.51	snv	1	3.98947e-06	0.00000e+00	8.68056e-06	1	0	1	250660	135460	115200	0.00000e+00	0.00000e+00	0.00000e+00	0	0	0	16248	6182	10066	2.89519e-05	0.00000e+00	4.94169e-05	1	0	1	34540	14304	20236	0.00000e+00	0.00000e+00	0.00000e+00	0	0	0	21590	11248	10342	0.00000e+00	0.00000e+00	0.00000e+00	0	0	0	10042	5160	4882	0.00000e+00	0.00000e+00	0.00000e+00	0	0	0	113134	63236	49898	0.00000e+00	0.00000e+00	0.00000e+00	0	0	0	18390	9066	9324	0.00000e+00	0.00000e+00	0.00000e+00	0	0	0	30606	23066	7540	1	3.97627e-06
chr11	63976369	rs762845998	C	G	6064.42	snv	1	4.00352e-05	4.44543e-05	3.48402e-05	10	6	4	249780	134970	114810	0.00000e+00	0.00000e+00	0.00000e+00	0	0	0	16236	6180	10056	0.00000e+00	0.00000e+00	0.00000e+00	0	0	0	34436	14262	20174	0.00000e+00	0.00000e+00	0.00000e+00	0	0	0	21494	11200	10294	8.99281e-04	1.16777e-03	6.16016e-04	9	6	3	10008	5138	4870	0.00000e+00	0.00000e+00	0.00000e+00	0	0	0	112586	62918	49668	0.00000e+00	0.00000e+00	0.00000e+00	0	0	0	18370	9056	9314	0.00000e+00	0.00000e+00	0.00000e+00	0	0	0	30564	23028	7536	10	3.97636e-05
