Variant	Alleles	drugbank
rs2231142	T	DB00795
rs17731538	G	DB00563
rs2231142	T	DB01023
rs2231137	T	DB01254
rs1061018	G	DB01254
rs41282401	C	DB01254
rs12505410	G	DB00563
rs2231142	T	DB00437
rs45605536	T	DB01254
rs2231142	T	DB01254
rs13120400	C	DB00563
rs2231142	T	DB00441
rs13137622	T	DB00563
rs2231142	G	DB06605
rs7699188	A	DB00544
rs72552713	G	DB00795
rs2231142	T	DB00625
rs2231142	T	DB00563
rs2231142	T	DB01076
rs2231142	T	DB06605
rs58818712	C	DB01254
rs45499402	C	DB00437
rs2231142	T	DB00544
rs2231135	G	DB00563
rs1799752	ATACAGTCACTTTTTTTTTTTTTTTGAGACGGAGTCTCGCTCTGTCGCCC/ATACAGTCACTTTTTTTTTTTTTTTGAGACGGAGTCTCGCTCTGTCGCCC	DB00584
rs4341	G	DB00421
rs4343	G	DB00421
rs4292	T	DB00945
rs1799752	ATACAGTCACTTTTTTTTTTTTTTTGAGACGGAGTCTCGCTCTGTCGCCC/ATACAGTCACTTTTTTTTTTTTTTTGAGACGGAGTCTCGCTCTGTCGCCC	DB01197
rs4359	T	DB00178
rs1799752	ATACAGTCACTTTTTTTTTTTTTTTGAGACGGAGTCTCGCTCTGTCGCCC/ATACAGTCACTTTTTTTTTTTTTTTGAGACGGAGTCTCGCTCTGTCGCCC	DB00790
rs4343	A	DB00421
rs4292	C	DB00945
rs4359	C	DB00178
rs4291	A	DB01197
rs1799752	del/del	DB00722
rs1799752	del/del	DB00584
rs1799752	del/del	DB00678
rs1799752	ATACAGTCACTTTTTTTTTTTTTTTGAGACGGAGTCTCGCTCTGTCGCCC/ATACAGTCACTTTTTTTTTTTTTTTGAGACGGAGTCTCGCTCTGTCGCCC	DB00678
rs4291	T	DB00945
rs4291	T	DB00722
rs1799752	del/del	DB00881
rs1799752	ATACAGTCACTTTTTTTTTTTTTTTGAGACGGAGTCTCGCTCTGTCGCCC/del	DB00584
rs1799752	ATACAGTCACTTTTTTTTTTTTTTTGAGACGGAGTCTCGCTCTGTCGCCC/del	DB00421
rs1799752	ATACAGTCACTTTTTTTTTTTTTTTGAGACGGAGTCTCGCTCTGTCGCCC/ATACAGTCACTTTTTTTTTTTTTTTGAGACGGAGTCTCGCTCTGTCGCCC	DB01029
rs1799752	del/del	DB01197
rs1799752	del/del	DB00060
rs1799752	ATACAGTCACTTTTTTTTTTTTTTTGAGACGGAGTCTCGCTCTGTCGCCC/del	DB00881
rs4344	A	DB00178
rs1799752	ATACAGTCACTTTTTTTTTTTTTTTGAGACGGAGTCTCGCTCTGTCGCCC/ATACAGTCACTTTTTTTTTTTTTTTGAGACGGAGTCTCGCTCTGTCGCCC	DB00421
rs1799752	del/del	DB00542
rs1799752	del/del	DB01076
rs1799752	del/del	DB00790
rs4344	G	DB00178
rs4291	A	DB00722
rs2106809	G	DB01197
rs244076	C	DB00563
rs10824095	T	DB00993
rs5050	G	DB00945
rs5051	C	DB00542
rs4762	G	DB00542
rs7079	T	DB00542
rs699	A	DB00542
rs7079	G	DB00542
rs699	G	DB01029
rs699	G	DB00881
rs5182	T	DB00790
rs5182	C	DB00790
rs12721226	A	DB00678
rs5186	A	DB00796
rs5186	C	DB00796
rs5186	A	DB00790
rs5186	A	DB00678
rs5186	C	DB01197
rs5186	C	DB01029
rs2640543	G	DB00542
rs5186	C	DB00678
rs5186	C	DB01076
rs275651	T	DB00790
rs275651	A	DB00790
rs75519181	G	DB00338
rs2372536	G	DB00563
rs3821353	T	DB00563
rs16853826	G	DB00563
rs12995526	C	DB00563
rs4673993	C	DB00563
rs4673993	T	DB00563
rs2177735	A	DB00563
rs12995526	T	DB00563
rs17514110	C	DB00563
rs2372536	C	DB00563
rs12995526	C	DB00642
rs7563206	T	DB00563
rs7563206	C	DB00563
rs1800477	T	DB00811
rs2849380	T	DB01248
rs2849380	T	DB01229
rs56040400	T	DB01257
rs557905	T	DB00022
rs568910	A	DB00811
rs557905	T	DB00811
rs568910	A	DB00022
rs1127687	G	DB00441
rs4353229	T	DB00441
rs4353229	T	DB01248
rs12415607	A	DB01229
rs7921977	C	DB00441
rs7921977	T	DB01248
rs12415607	C	DB01229
rs4353229	C	DB00441
rs4353229	C	DB01248
rs2227310	G	DB01248
rs1127687	G	DB01229
rs4353229	C	DB01229
rs4353229	T	DB01229
rs7921977	C	DB01248
rs1127687	A	DB01229
rs12415607	A	DB01248
rs2227310	G	DB00441
rs12415607	A	DB00441
rs7921977	T	DB00441
rs7921977	C	DB01229
rs2227310	G	DB01229
rs7921977	T	DB01229
rs1127687	A	DB00441
rs12415607	C	DB00441
rs12415607	C	DB01248
rs2072671	C	DB00441
rs60369023	A	DB00441
rs602950	G	DB01101
rs1048977	T	DB00441
rs532545	T	DB01101
rs1048977	C	DB00441
rs2072671	C	DB01101
rs2072671	A	DB00441
rs6690069	A	DB01101
rs1048977	T	DB01101
rs4655226	C	DB00441
rs471760	A	DB00441
rs3215400	C/del	DB01101
rs3215400	C	DB01101
rs10916825	A	DB01101
rs4492666	C	DB00441
rs1044457	C	DB00441
rs11211524	C	DB00441
rs7543016	C	DB00441
rs35687416	G	DB00441
rs4680	G	DB00323
rs4680	G	DB00494
rs4680	A	DB01033
rs1130864	G	DB00051
rs4073	A	DB00544
rs66878317	G	DB00441
rs4694362	T	DB00441
rs5370	T	DB01029
rs869312399	C	DB05018
rs1569304898	T	DB05018
rs28935490	T	DB05018
rs104894828	T	DB05018
rs727504348	T	DB05018
rs869312146	T	DB05018
rs28935195	T	DB05018
rs397515870	G	DB05018
rs104894827	A	DB05018
rs190347120	A	DB05018
rs398123226	T	DB05018
rs869312136	C	DB05018
rs727505292	G	DB05018
rs372966991	T	DB05018
rs398123223	G	DB05018
rs869312138	C	DB05018
rs398123217	C	DB05018
rs398123212	T	DB05018
rs398123226	C	DB05018
rs397515874	G	DB05018
rs16944	A	DB00338
rs16944	G	DB00338
rs1143627	A	DB00945
rs1143634	G	DB00065
rs1800795	G	DB00008
rs1800795	C	DB00022
rs1800797	G	DB00008
rs1800795	G	DB00005
rs1800795	G	DB00051
rs1800795	G	DB00065
rs1800795	C	DB00811
rs1800795	C	DB00008
rs1800796	G	DB00008
rs2278294	T	DB00993
rs2278294	T	DB00688
rs2278293	T	DB01033
rs2278293	T	DB00688
rs4731448	G	DB00352
rs2278293	T	DB01024
rs2278293	T	DB00563
rs2228075	T	DB00688
rs4731448	G	DB01033
rs11706052	G	DB00688
rs11706052	G	DB01024
rs11706052	G	DB00993
rs1126643	T	DB00945
rs1062535	G	DB00945
rs1062535	A	DB00945
rs7270101	A	DB00811
rs7270101	A	DB00022
rs1127354	C	DB00022
rs1127354	C	DB01033
rs1127354	C	DB00811
rs7270101	C	DB01033
rs1127354	C	DB00105
rs7270101	C	DB00022
rs1127354	C	DB00008
rs6051702	C	DB00022
rs1127354	A	DB00811
rs1127354	C	DB00563
rs7270101	C	DB00811
rs1127354	C	DB00993
rs6051702	C	DB00008
rs1127354	A	DB00022
rs1127354	A	DB00563
rs7270101	C	DB00993
rs1127354	A	DB00993
rs7270101	C	DB00563
rs6051702	C	DB00811
rs7270101	A	DB00008
rs1127354	A	DB01033
rs16886403	T	DB01248
rs726501	G	DB01229
rs726501	G	DB01248
rs726501	A	DB01248
rs96844	G	DB00005
rs16886403	C	DB01229
rs726501	A	DB01229
rs16886403	T	DB01229
rs16886403	C	DB01248
rs9483947	C	DB01005
rs9376230	C	DB01005
rs2145623	C	DB00051
rs2145623	G	DB00065
rs2145623	C	DB00065
rs2145623	G	DB00051
rs5522	T	DB00584
rs2660	G	DB00811
rs2660	G	DB00022
rs2660	G	DB00008
rs20417	C	DB00533
rs20417	G	DB01050
rs5273	G	DB04743
rs20417	C	DB00945
rs20417	G	DB00945
rs689466	C	DB00482
rs12042763	G	DB00945
rs5272	C	DB04743
rs5275	A	DB01101
rs5273	G	DB00482
rs2898950	C	DB00242
rs1042919	T	DB00242
rs11030918	C	DB00441
rs1042858	A	DB00441
rs1561876	G	DB00242
rs11030918	T	DB00441
rs1042927	C	DB00441
rs12806698	C	DB00441
rs9937	G	DB00441
rs232043	A	DB00441
rs9937	A	DB00441
rs720106	T	DB00441
rs12806698	A	DB00441
rs183484	C	DB00441
rs2284449	T	DB00441
rs1130609	T	DB00242
rs5030743	G	DB00242
rs1265138	A	DB00242
rs121918593	A	DB01236
rs121918596	GAG	DB01159
rs193922772	T	DB00228
rs193922816	T	DB01236
rs193922772	T	DB00201
rs118192172	T	DB01159
rs118192177	T	DB00228
rs193922802	G	DB01159
rs193922770	T	DB00201
rs121918593	A	DB00228
rs186983396	T	DB00201
rs193922816	T	DB00201
rs121918594	A	DB01236
rs193922747	C	DB01159
rs193922843	T	DB00201
rs193922747	T	DB00201
rs118192172	T	DB00228
rs193922802	A	DB00201
rs28933397	T	DB01159
rs118192162	C	DB01236
rs121918592	A	DB00228
rs121918592	A	DB01236
rs28933396	A	DB00228
rs118192177	G	DB01159
rs118192176	A	DB00228
rs112563513	A	DB00228
rs1801086	A	DB01159
rs112563513	A	DB01159
rs118192161	T	DB01159
rs121918593	G	DB00753
rs121918594	A	DB00201
rs118192178	T	DB01236
rs121918593	A	DB00753
rs118192175	T	DB01159
rs118192176	G	DB00201
rs118192123	C	DB00753
rs121918592	A	DB00753
rs121918592	G	DB01159
rs118192177	T	DB00753
rs118192122	A	DB00753
rs118192122	A	DB01189
rs118192172	T	DB00753
rs118204423	C	DB00201
rs118192177	T	DB00201
rs28933397	T	DB00228
rs193922816	T	DB00753
rs118192176	G	DB01159
rs118192122	A	DB00228
rs193922772	T	DB01159
rs193922832	A	DB00201
rs193922772	T	DB00753
rs118192172	T	DB01236
rs121918596	GAG	DB00753
rs112563513	A	DB00753
rs118192122	A	DB01159
rs193922816	T	DB01159
rs121918592	A	DB01189
rs193922772	T	DB01189
rs193922803	T	DB00201
rs121918592	A	DB01159
rs28933397	T	DB00201
rs118192176	A	DB01189
rs118192177	T	DB01189
rs118192122	A	DB01028
rs28933397	T	DB00753
rs118192167	G	DB01373
rs193922747	C	DB00201
rs193922816	T	DB00228
rs193922772	T	DB01236
rs118192172	T	DB00201
rs193922770	T	DB01159
rs118192167	G	DB00201
rs121918592	A	DB00201
rs112563513	A	DB00201
rs193922818	A	DB00201
rs118192178	G	DB00201
rs118192177	T	DB01236
rs118192162	C	DB00201
rs112563513	A	DB01189
rs193922876	T	DB01159
rs118192176	A	DB01159
rs112563513	A	DB01236
rs121918593	A	DB01159
rs193922753	T	DB00201
rs118192162	C	DB00753
rs193922816	T	DB01189
rs28933397	T	DB01236
rs118192177	T	DB01159
rs118204423	C	DB01159
rs193922747	T	DB01159
rs118192122	A	DB01236
rs118192124	T	DB01159
rs118192176	A	DB00201
rs121918592	G	DB00753
rs147136339	G	DB01159
rs193922878	G	DB00201
rs118192176	A	DB01236
rs121918594	G	DB01159
rs118192175	T	DB00201
rs118192172	T	DB01189
rs118192176	A	DB00753
rs118192168	A	DB00201
rs121918593	A	DB01189
rs28933397	T	DB01189
rs118192176	G	DB00753
rs118192161	T	DB00201
rs193922803	T	DB01159
rs118192168	A	DB01159
rs193922809	A	DB00201
rs121918594	A	DB01159
rs118192178	T	DB00201
rs118192122	A	DB00201
rs10846744	G	DB00008
rs5888	A	DB01076
rs10846744	G	DB00811
rs5877	C	DB00441
rs6092	G	DB01234
rs1799889	G	DB00472
rs2227631	G	DB00472
rs6092	A	DB01234
rs4880	A	DB01229
rs4880	G	DB00563
rs4880	G	DB00544
rs3775291	T	DB00945
rs4986790	G	DB00563
rs179008	A	DB00724
rs1799724	T	DB00005
rs1800629	A	DB00441
rs1800629	G	DB00005
rs1800629	G	DB00051
rs1800629	G	DB00065
rs1800629	G	DB01076
rs1800629	G	DB00688
rs1800629	A	DB00065
rs1799724	C	DB00051
rs1800629	A	DB00051
rs361525	G	DB00051
rs1800629	A	DB00005
rs1800629	A	DB00688
rs361525	G	DB00065
rs767455	T	DB00065
rs767455	T	DB00005
rs767455	T	DB00051
rs1042522	G	DB00544
rs1042522	G	DB01229
rs1042522	G	DB01101
rs4968187	T	DB00544
rs45445694	(CCGCGCCACTTGGCCTGCCTCCGTCCCG)3/(CCGCGCCACTTGGCCTGCCTCCGTCCCG)3	DB09256
rs11280056	TTAAAGTTA/TTAAAGTTA	DB00563
rs183205964	C	DB00544
rs45445694	(CCGCGCCACTTCGCCTGCCTCCGTCCCG)2/(CCGCGCCACTTCGCCTGCCTCCGTCCCG)2	DB00544
rs45445694	(CCGCGCCACTTGGCCTGCCTCCGTCCCG)3/(CCGCGCCACTTGGCCTGCCTCCGTCCCG)3	DB00563
rs45445694	(CCGCGCCACTTCGCCTGCCTCCGTCCCG)2/3	DB00544
rs11280056	TTAAAGTTA	DB01101
rs45445694	(CCGCGCCACTTGGCCTGCCTCCGTCCCG)3/(CCGCGCCACTTGGCCTGCCTCCGTCCCG)3	DB00795
rs45445694	(CCGCGCCACTTGGCCTGCCTCCGTCCCG)3/(CCGCGCCACTTGGCCTGCCTCCGTCCCG)3	DB00544
rs2853741	T	DB01101
rs45445694	CCGCGCCACTTGGCCTGCCTCCGTCCCGCCGCGCCACTTGGCCTGCCTCCGTCCCGCCGCGCCACTTCGCCTGCCTCCGTCCCCC	DB00563
rs183205964	C	DB01101
rs45445694	(CCGCGCCACTTCGCCTGCCTCCGTCCCG)2/(CCGCGCCACTTCGCCTGCCTCCGTCCCG)2	DB01101
rs45445694	(CCGCGCCACTTGGCCTGCCTCCGTCCCG)2	DB00993
rs45445694	(CCGCGCCACTTGGCCTGCCTCCGTCCCG)3/(CCGCGCCACTTGGCCTGCCTCCGTCCCG)3	DB00293
rs11280056	TTAAAGTTA/TTAAAGTTA	DB01229
rs2847153	G	DB00544
rs11280056	TTAAAGTTA/TTAAAGTTA	DB00441
rs45445694	(CCGCGCCACTTGGCCTGCCTCCGTCCCG)2/(CCGCGCCACTTGGCCTGCCTCCGTCCCG)3	DB00544
rs11280056	TTAAAGTTA/TTAAAGTTA	DB01101
rs45445694	(CCGCGCCACTTGGCCTGCCTCCGTCCCG)2/(CCGCGCCACTTGGCCTGCCTCCGTCCCG)2	DB00563
rs45445694	(CCGCGCCACTTGGCCTGCCTCCGTCCCG)3	DB00563
rs11280056	TTAAAGTTA/del	DB00544
rs45445694	(CCGCGCCACTTGGCCTGCCTCCGTCCCG)2/CCGCGC(CACTTGGCCTGCCTCCGTCCCG)3	DB01101
rs45445694	(CCGCGCCACTTGGCCTGCCTCCGTCCCG)2/(CCGCGCCACTTGGCCTGCCTCCGTCCCG)3	DB01101
rs45445694	(CCGCGCCACTTGGCCTGCCTCCGTCCCG)2/(CCGCGCCACTTGGCCTGCCTCCGTCCCG)2	DB01101
rs45445694	(CCGCGCCACTTGGCCTGCCTCCGTCCCG)3/(CCGCGCCACTTGGCCTGCCTCCGTCCCG)3	DB01101
rs699517	T	DB01101
rs11280056	TTAAAGTTA/TTAAAGTTA	DB00544
rs45445694	(CCGCGCCACTTGGCCTGCCTCCGTCCCG)3/(CCGCGCCACTTGGCCTGCCTCCGTCCCG)3	DB01033
rs45445694	(CCGCGCCACTTGGCCTGCCTCCGTCCCG)3/(CCGCGCCACTTGGCCTGCCTCCGTCCCG)3	DB01234
rs45445694	(CCGCGCCACTTGGCCTGCCTCCGTCCCG)2/(CCGCGCCACTTGGCCTGCCTCCGTCCCG)2	DB00544
rs45445694	(CCGCGCCACTTCGCCTGCCTCCGTCCCG)3	DB00563
rs11280056	del	DB00563
rs2853542	G	DB00563
rs183205964	C	DB09256
rs45445694	(CCGCGCCACTTGGCCTGCCTCCGTCCCG)2	DB01101
rs11280056	TTA/TTA	DB01101
rs11280056	TTAAAGTTA/TTAAAGTTA	DB00642
rs45445694	(CCGCGCCACTTCGCCTGCCTCCGTCCCG)2/(CCGCGCCACTTCGCCTGCCTCCGTCCCG)2	DB00293
rs45445694	(CCGCGCCACTTGGCCTGCCTCCGTCCCG)2/CCGCGC(CACTTGGCCTGCCTCCGTCCCG)3	DB00544
rs2853539	A	DB00563
rs11280056	TTA/TTA	DB00544
rs11280056	TTA/TTA	DB00563
rs45445694	(CCGCGCCACTTGGCCTGCCTCCGTCCCG)3/(CCGCGCCACTTGGCCTGCCTCCGTCCCG)3	DB01611
rs45445694	(CCGCGCCACTTGGCCTGCCTCCGTCCCG)3/(CCGCGCCACTTGGCCTGCCTCCGTCCCG)3	DB01248
rs11280056	del/del	DB00563
rs11280056	del/del	DB00544
rs4678145	G	DB01101
rs1801019	C	DB00544
rs1801019	C	DB09256
rs4678145	C	DB01101
rs2279199	T	DB01101
rs2279199	C	DB01101
rs1801019	G	DB00544
rs1429376	A	DB00900
rs1884725	G	DB00437
rs1594160	A	DB00900
rs1884725	G	DB04854
rs494852	T	DB00352
rs494852	T	DB01033
